ticker,entry_date,exit_date,entry_price,exit_price,return_pct,hasil_rp,exit_reason,menang,hold_hari
FASW,2024-09-13,2024-09-17,6350.0,6540.0,2.5,416667.0,TP,True,1
FASW,2024-09-17,2024-09-18,6350.0,6223.0,-2.5,-418403.0,SL,False,1
FASW,2024-09-18,2024-09-23,6600.0,6468.0,-2.5,-416659.0,SL,False,3
BMAS,2024-09-23,2024-09-24,790.0,774.0,-2.5,-414923.0,SL,False,1
FASW,2024-09-23,2024-09-25,5950.0,5831.0,-2.5,-414923.0,SL,False,2
LINK,2024-09-25,2024-09-26,1850.0,1813.0,-2.5,-411466.0,SL,False,1
BMAS,2024-09-25,2024-09-26,785.0,809.0,2.5,411466.0,TP,True,1
FASW,2024-09-25,2024-09-26,6500.0,6370.0,-2.5,-411466.0,SL,False,1
ABMM,2024-09-25,2024-09-27,4300.0,4429.0,2.5,411466.0,TP,True,2
FASW,2024-09-26,2024-09-30,5850.0,6026.0,2.5,409751.0,TP,True,2
LINK,2024-09-27,2024-09-30,1815.0,1779.0,-2.5,-411466.0,SL,False,1
SPMA,2024-09-27,2024-09-30,260.0,255.0,-2.5,-411466.0,SL,False,1
TPIA,2024-09-30,2024-10-01,8475.0,8729.0,2.5,409744.0,TP,True,1
ABMM,2024-09-30,2024-10-01,4260.0,4175.0,-2.5,-409744.0,SL,False,1
HITS,2024-09-30,2024-10-01,286.0,295.0,2.5,409744.0,TP,True,1
SPMA,2024-09-30,2024-10-02,254.0,249.0,-2.5,-409744.0,SL,False,2
ABMM,2024-10-01,2024-10-02,4190.0,4106.0,-2.5,-411451.0,SL,False,1
HITS,2024-10-01,2024-10-02,286.0,280.0,-2.5,-411451.0,SL,False,1
FASW,2024-09-30,2024-10-03,6200.0,6200.0,-0.5,-81949.0,H+3,False,3
BMAS,2024-10-02,2024-10-03,775.0,760.0,-2.5,-406315.0,SL,False,1
HITS,2024-10-02,2024-10-03,286.0,280.0,-2.5,-406315.0,SL,False,1
SPMA,2024-10-03,2024-10-04,249.0,244.0,-2.5,-402588.0,SL,False,1
ABMM,2024-10-04,2024-10-07,4070.0,4192.0,2.5,400910.0,TP,True,1
FASW,2024-10-03,2024-10-08,6200.0,6200.0,-0.5,-80518.0,H+3,False,3
BMAS,2024-10-07,2024-10-08,735.0,720.0,-2.5,-402581.0,SL,False,1
ABMM,2024-10-07,2024-10-09,4220.0,4136.0,-2.5,-402581.0,SL,False,2
BMAS,2024-10-08,2024-10-09,715.0,736.0,2.5,400568.0,TP,True,1
SPMA,2024-10-08,2024-10-11,248.0,243.0,-2.36,-378674.0,H+3,False,3
FASW,2024-10-08,2024-10-11,6200.0,6076.0,-2.5,-400568.0,SL,False,3
ABMM,2024-10-09,2024-10-14,4120.0,4060.0,-1.96,-313448.0,H+3,False,3
FASW,2024-10-11,2024-10-14,6175.0,6052.0,-2.5,-397313.0,SL,False,1
TPIA,2024-10-10,2024-10-15,8575.0,8750.0,1.54,246876.0,H+3,True,3
HITS,2024-10-14,2024-10-16,294.0,303.0,2.5,394351.0,TP,True,2
FASW,2024-10-14,2024-10-16,6125.0,6002.0,-2.5,-394351.0,SL,False,2
HITS,2024-10-16,2024-10-17,302.0,296.0,-2.5,-395380.0,SL,False,1
HITS,2024-10-17,2024-10-18,296.0,290.0,-2.5,-393733.0,SL,False,1
FASW,2024-10-16,2024-10-21,5900.0,5782.0,-2.5,-395380.0,SL,False,3
BMAS,2024-10-18,2024-10-21,835.0,818.0,-2.5,-392092.0,SL,False,1
HITS,2024-10-18,2024-10-22,294.0,303.0,2.5,392092.0,TP,True,2
ABMM,2024-10-18,2024-10-23,4100.0,4020.0,-2.45,-384441.0,H+3,False,3
FASW,2024-10-21,2024-10-23,5900.0,5782.0,-2.5,-388811.0,SL,False,2
HITS,2024-10-22,2024-10-23,306.0,300.0,-2.5,-390445.0,SL,False,1
SIPD,2024-10-22,2024-10-24,855.0,881.0,2.5,390445.0,TP,True,2
HITS,2024-10-24,2024-10-25,304.0,313.0,2.5,387223.0,TP,True,1
ABMM,2024-10-23,2024-10-28,4020.0,4010.0,-0.75,-115487.0,H+3,False,3
FASW,2024-10-23,2024-10-28,5500.0,5475.0,-0.95,-147227.0,H+3,False,3
BMAS,2024-10-28,2024-10-29,770.0,755.0,-2.5,-387741.0,SL,False,1
HITS,2024-10-25,2024-10-30,302.0,311.0,2.5,388836.0,TP,True,3
BMAS,2024-10-29,2024-10-30,755.0,740.0,-2.5,-386126.0,SL,False,1
FASW,2024-10-28,2024-10-31,5475.0,5500.0,-0.04,-6728.0,H+3,False,3
ABMM,2024-10-29,2024-10-31,3930.0,4048.0,2.5,386126.0,TP,True,2
HITS,2024-10-30,2024-10-31,318.0,312.0,-2.5,-386137.0,SL,False,1
HITS,2024-10-31,2024-11-01,314.0,323.0,2.5,386109.0,TP,True,1
ABMM,2024-11-01,2024-11-04,3770.0,3695.0,-2.5,-387718.0,SL,False,1
HITS,2024-11-01,2024-11-04,326.0,336.0,2.5,387718.0,TP,True,1
FASW,2024-10-31,2024-11-05,5500.0,5400.0,-2.32,-358028.0,H+3,False,3
ABMM,2024-11-04,2024-11-05,3610.0,3538.0,-2.5,-387718.0,SL,False,1
HITS,2024-11-04,2024-11-05,406.0,398.0,-2.5,-387718.0,SL,False,1
ABMM,2024-11-05,2024-11-06,3480.0,3410.0,-2.5,-382995.0,SL,False,1
HITS,2024-11-05,2024-11-06,370.0,363.0,-2.5,-382995.0,SL,False,1
INKP,2024-11-04,2024-11-07,7325.0,7545.0,2.5,387718.0,TP,True,3
TPIA,2024-11-05,2024-11-07,7700.0,7546.0,-2.5,-382995.0,SL,False,2
FASW,2024-11-05,2024-11-07,5400.0,5292.0,-2.5,-382995.0,SL,False,2
HITS,2024-11-06,2024-11-07,370.0,381.0,2.5,379803.0,TP,True,1
ABMM,2024-11-06,2024-11-07,3400.0,3332.0,-2.5,-379803.0,SL,False,1
TPIA,2024-11-07,2024-11-08,6700.0,6901.0,2.5,378227.0,TP,True,1
HITS,2024-11-07,2024-11-08,376.0,387.0,2.5,378227.0,TP,True,1
FASW,2024-11-07,2024-11-08,5275.0,5170.0,-2.5,-378227.0,SL,False,1
HITS,2024-11-08,2024-11-11,374.0,385.0,2.5,379803.0,TP,True,1
SIPD,2024-11-08,2024-11-11,935.0,916.0,-2.5,-379803.0,SL,False,1
FASW,2024-11-08,2024-11-12,5225.0,5120.0,-2.5,-379803.0,SL,False,2
ABMM,2024-11-08,2024-11-12,3580.0,3687.0,2.5,379803.0,TP,True,2
LINK,2024-11-11,2024-11-12,1200.0,1236.0,2.5,379803.0,TP,True,1
TPIA,2024-11-11,2024-11-13,7050.0,6909.0,-2.5,-379803.0,SL,False,2
HITS,2024-11-12,2024-11-13,386.0,398.0,2.5,381386.0,TP,True,1
FASW,2024-11-12,2024-11-13,5000.0,4900.0,-2.5,-381386.0,SL,False,1
SIPD,2024-11-11,2024-11-14,905.0,905.0,-0.5,-75961.0,H+3,False,3
HITS,2024-11-13,2024-11-14,396.0,388.0,-2.5,-379803.0,SL,False,1
TPIA,2024-11-13,2024-11-15,6850.0,6713.0,-2.5,-379803.0,SL,False,2
HITS,2024-11-14,2024-11-15,388.0,380.0,-2.5,-377904.0,SL,False,1
FASW,2024-11-13,2024-11-18,5500.0,5500.0,-0.5,-75961.0,H+3,False,3
HITS,2024-11-15,2024-11-18,390.0,402.0,2.5,374747.0,TP,True,1
TPIA,2024-11-15,2024-11-19,6625.0,6824.0,2.5,374747.0,TP,True,2
HITS,2024-11-18,2024-11-19,402.0,414.0,2.5,375992.0,TP,True,1
ABMM,2024-11-18,2024-11-20,3530.0,3636.0,2.5,375992.0,TP,True,2
FASW,2024-11-18,2024-11-21,5500.0,5500.0,-0.5,-75198.0,H+3,False,3
TPIA,2024-11-19,2024-11-22,6575.0,6444.0,-2.5,-379120.0,SL,False,3
SIPD,2024-11-19,2024-11-22,865.0,848.0,-2.5,-379120.0,SL,False,3
HITS,2024-11-20,2024-11-22,412.0,404.0,-2.5,-380687.0,SL,False,2
HITS,2024-11-22,2024-11-25,394.0,406.0,2.5,375628.0,TP,True,1
SIPD,2024-11-22,2024-11-25,930.0,911.0,-2.5,-375628.0,SL,False,1
FASW,2024-11-21,2024-11-26,5500.0,5390.0,-2.5,-380373.0,SL,False,3
SIPD,2024-11-25,2024-11-26,860.0,886.0,2.5,375628.0,TP,True,1
HITS,2024-11-25,2024-11-26,396.0,408.0,2.5,375628.0,TP,True,1
SIPD,2024-11-26,2024-11-28,865.0,848.0,-2.5,-377173.0,SL,False,1
HITS,2024-11-26,2024-11-28,406.0,398.0,-2.5,-377173.0,SL,False,1
FASW,2024-11-26,2024-11-28,5325.0,5218.0,-2.5,-377173.0,SL,False,1
SIPD,2024-11-28,2024-11-29,845.0,870.0,2.5,372459.0,TP,True,1
HITS,2024-11-28,2024-11-29,416.0,408.0,-2.5,-372459.0,SL,False,1
TPIA,2024-11-29,2024-12-02,6950.0,6811.0,-2.5,-372459.0,SL,False,1
HITS,2024-11-29,2024-12-02,426.0,417.0,-2.5,-372459.0,SL,False,1
FASW,2024-11-28,2024-12-03,4870.0,4870.0,-0.5,-74492.0,H+3,False,3
BRPT,2024-12-02,2024-12-03,810.0,834.0,2.5,369355.0,TP,True,1
SIPD,2024-12-02,2024-12-03,865.0,848.0,-2.5,-369355.0,SL,False,1
HITS,2024-12-02,2024-12-03,428.0,419.0,-2.5,-369355.0,SL,False,1
SIPD,2024-12-03,2024-12-04,865.0,848.0,-2.5,-367505.0,SL,False,1
HITS,2024-12-03,2024-12-04,428.0,441.0,2.5,367505.0,TP,True,1
HITS,2024-12-04,2024-12-05,436.0,449.0,2.5,367505.0,TP,True,1
FASW,2024-12-03,2024-12-06,4870.0,4870.0,-0.5,-73501.0,H+3,False,3
HITS,2024-12-05,2024-12-06,456.0,470.0,2.5,369037.0,TP,True,1
SIPD,2024-12-04,2024-12-09,830.0,850.0,1.91,280721.0,H+3,True,3
TPIA,2024-12-06,2024-12-09,8675.0,8502.0,-2.5,-370268.0,SL,False,1
HITS,2024-12-06,2024-12-09,462.0,453.0,-2.5,-370268.0,SL,False,1
HITS,2024-12-09,2024-12-10,448.0,439.0,-2.5,-368352.0,SL,False,1
FASW,2024-12-06,2024-12-11,4870.0,4870.0,-0.5,-74054.0,H+3,False,3
HITS,2024-12-10,2024-12-12,418.0,431.0,2.5,366817.0,TP,True,2
HITS,2024-12-12,2024-12-13,420.0,433.0,2.5,368037.0,TP,True,1
FASW,2024-12-11,2024-12-16,4870.0,4850.0,-0.91,-133509.0,H+3,False,3
SIPD,2024-12-12,2024-12-17,835.0,860.0,2.49,367156.0,H+3,True,3
HITS,2024-12-13,2024-12-17,420.0,412.0,-2.5,-369571.0,SL,False,2
HITS,2024-12-17,2024-12-18,414.0,426.0,2.5,369004.0,TP,True,1
FASW,2024-12-16,2024-12-19,4850.0,4850.0,-0.5,-73803.0,H+3,False,3
INKP,2024-12-18,2024-12-20,6825.0,6688.0,-2.5,-370542.0,SL,False,2
HITS,2024-12-19,2024-12-20,420.0,412.0,-2.5,-370234.0,SL,False,1
INKP,2024-12-20,2024-12-23,6600.0,6798.0,2.5,367148.0,TP,True,1
FASW,2024-12-20,2024-12-27,4830.0,4830.0,-0.5,-73430.0,H+3,False,3
HITS,2024-12-23,2024-12-27,410.0,402.0,-2.5,-368678.0,SL,False,2
LINK,2024-12-23,2024-12-30,1180.0,1215.0,2.5,368678.0,TP,True,3
HITS,2024-12-27,2024-12-30,394.0,406.0,2.5,366835.0,TP,True,1
HITS,2024-12-30,2025-01-02,396.0,388.0,-2.5,-369900.0,SL,False,1
HITS,2025-01-02,2025-01-03,380.0,372.0,-2.5,-368359.0,SL,False,1
HITS,2025-01-03,2025-01-06,362.0,373.0,2.5,366824.0,TP,True,1
TPIA,2025-01-06,2025-01-07,6850.0,6713.0,-2.5,-368352.0,SL,False,1
HITS,2025-01-06,2025-01-07,374.0,367.0,-2.5,-368352.0,SL,False,1
HITS,2025-01-07,2025-01-08,360.0,353.0,-2.5,-365283.0,SL,False,1
TPIA,2025-01-07,2025-01-08,6850.0,6713.0,-2.5,-365283.0,SL,False,1
SPMA,2025-01-07,2025-01-08,225.0,231.0,2.5,365283.0,TP,True,1
TPIA,2025-01-08,2025-01-09,6675.0,6875.0,2.5,363761.0,TP,True,1
HITS,2025-01-08,2025-01-09,356.0,367.0,2.5,363761.0,TP,True,1
HITS,2025-01-09,2025-01-10,368.0,361.0,-2.5,-366792.0,SL,False,1
TPIA,2025-01-10,2025-01-13,6800.0,7004.0,2.5,365264.0,TP,True,1
HITS,2025-01-10,2025-01-13,366.0,359.0,-2.5,-365264.0,SL,False,1
HITS,2025-01-13,2025-01-16,350.0,360.0,2.5,365264.0,TP,True,3
INKP,2025-01-14,2025-01-16,6425.0,6618.0,2.5,365264.0,TP,True,2
TPIA,2025-01-14,2025-01-20,6750.0,6875.0,1.35,197513.0,H+4,True,4
HITS,2025-01-16,2025-01-20,346.0,356.0,2.5,368308.0,TP,True,2
HITS,2025-01-20,2025-01-21,360.0,353.0,-2.5,-370665.0,SL,False,1
FASW,2025-01-20,2025-01-21,4900.0,5047.0,2.5,370665.0,TP,True,1
FASW,2025-01-21,2025-01-22,5375.0,5536.0,2.5,370665.0,TP,True,1
LINK,2025-01-22,2025-01-23,1855.0,1911.0,2.5,372210.0,TP,True,1
FASW,2025-01-22,2025-01-23,5275.0,5170.0,-2.5,-372210.0,SL,False,1
FASW,2025-01-23,2025-01-24,5000.0,5150.0,2.5,372210.0,TP,True,1
LINK,2025-01-23,2025-01-30,2310.0,2264.0,-2.5,-372210.0,SL,False,2
HITS,2025-01-23,2025-01-30,346.0,339.0,-2.5,-372210.0,SL,False,2
HITS,2025-01-30,2025-01-31,330.0,323.0,-2.5,-370659.0,SL,False,1
FASW,2025-01-24,2025-02-03,5475.0,5450.0,-0.96,-143019.0,H+3,False,3
HITS,2025-01-31,2025-02-03,322.0,316.0,-2.5,-369115.0,SL,False,1
HITS,2025-02-03,2025-02-04,320.0,314.0,-2.5,-366981.0,SL,False,1
HITS,2025-02-04,2025-02-05,306.0,315.0,2.5,365452.0,TP,True,1
FASW,2025-02-03,2025-02-06,5450.0,5450.0,-0.5,-73396.0,H+3,False,3
HITS,2025-02-05,2025-02-06,320.0,330.0,2.5,366974.0,TP,True,1
ABMM,2025-02-06,2025-02-07,3250.0,3185.0,-2.5,-368198.0,SL,False,1
INKP,2025-02-06,2025-02-10,6150.0,6027.0,-2.5,-368198.0,SL,False,2
BRPT,2025-02-07,2025-02-10,815.0,799.0,-2.5,-366663.0,SL,False,1
TPIA,2025-02-07,2025-02-10,6525.0,6394.0,-2.5,-366663.0,SL,False,1
FASW,2025-02-06,2025-02-11,5450.0,5450.0,-0.5,-73640.0,H+3,False,3
BRPT,2025-02-10,2025-02-11,815.0,799.0,-2.5,-362074.0,SL,False,1
HITS,2025-02-07,2025-02-12,308.0,304.0,-1.8,-263807.0,H+3,False,3
ABMM,2025-02-10,2025-02-12,3150.0,3244.0,2.5,362074.0,TP,True,2
INKP,2025-02-11,2025-02-12,6000.0,5880.0,-2.5,-360258.0,SL,False,1
TPIA,2025-02-11,2025-02-12,6650.0,6850.0,2.5,360258.0,TP,True,1
HITS,2025-02-12,2025-02-13,304.0,313.0,2.5,360668.0,TP,True,1
FASW,2025-02-11,2025-02-14,5450.0,5450.0,-0.5,-72052.0,H+3,False,3
TPIA,2025-02-14,2025-02-17,6975.0,7184.0,2.5,361870.0,TP,True,1
HITS,2025-02-13,2025-02-20,308.0,302.0,-2.5,-362170.0,SL,False,5
FASW,2025-02-14,2025-02-20,5450.0,5450.0,-0.5,-72374.0,H+4,False,4
LINK,2025-02-17,2025-02-20,2300.0,2254.0,-2.5,-363378.0,SL,False,3
SPMA,2025-02-20,2025-02-21,212.0,219.0,2.5,360053.0,TP,True,1
TPIA,2025-02-21,2025-02-24,8025.0,7864.0,-2.5,-361554.0,SL,False,1
TPIA,2025-02-24,2025-02-25,8050.0,7889.0,-2.5,-360047.0,SL,False,1
SPMA,2025-02-24,2025-02-25,214.0,210.0,-2.5,-360047.0,SL,False,1
FASW,2025-02-21,2025-02-26,5450.0,5450.0,-0.5,-72311.0,H+3,False,3
LINK,2025-02-24,2025-02-26,1990.0,2050.0,2.5,360047.0,TP,True,2
INKP,2025-02-25,2025-02-26,5800.0,5684.0,-2.5,-357047.0,SL,False,1
SPMA,2025-02-25,2025-02-26,209.0,216.0,2.5,357047.0,TP,True,1
ABMM,2025-02-25,2025-02-27,3200.0,3136.0,-2.5,-357047.0,SL,False,2
ABMM,2025-02-27,2025-02-28,3060.0,2999.0,-2.5,-356758.0,SL,False,1
HITS,2025-02-27,2025-02-28,292.0,301.0,2.5,356758.0,TP,True,1
NIPS,2025-02-26,2025-03-03,282.0,282.0,-0.5,-71649.0,H+3,False,3
PRAS,2025-02-26,2025-03-03,97.0,97.0,-0.5,-71649.0,H+3,False,3
KRAH,2025-02-26,2025-03-03,436.0,436.0,-0.5,-71649.0,H+3,False,3
TPIA,2025-02-28,2025-03-03,6700.0,6901.0,2.5,356758.0,TP,True,1
INKP,2025-02-28,2025-03-03,4700.0,4841.0,2.5,356758.0,TP,True,1
INKP,2025-03-03,2025-03-04,4940.0,4841.0,-2.5,-358835.0,SL,False,1
SPMA,2025-03-03,2025-03-04,206.0,202.0,-2.5,-358835.0,SL,False,1
HITS,2025-03-03,2025-03-04,324.0,318.0,-2.5,-358835.0,SL,False,1
ABMM,2025-03-03,2025-03-05,3060.0,3152.0,2.5,358835.0,TP,True,2
TPIA,2025-03-04,2025-03-05,6850.0,7056.0,2.5,354350.0,TP,True,1
INKP,2025-03-04,2025-03-05,4670.0,4810.0,2.5,354350.0,TP,True,1
SPMA,2025-03-04,2025-03-05,202.0,208.0,2.5,354350.0,TP,True,1
NIPS,2025-03-03,2025-03-06,282.0,282.0,-0.5,-71767.0,H+3,False,3
INKP,2025-03-05,2025-03-06,4920.0,5068.0,2.5,360274.0,TP,True,1
HITS,2025-03-05,2025-03-06,310.0,304.0,-2.5,-360274.0,SL,False,1
LINK,2025-03-05,2025-03-07,1840.0,1803.0,-2.5,-360274.0,SL,False,2
INKP,2025-03-06,2025-03-07,5050.0,5202.0,2.5,359975.0,TP,True,1
PRAS,2025-03-05,2025-03-10,97.0,97.0,-0.5,-72055.0,H+3,False,3
HITS,2025-03-06,2025-03-10,312.0,306.0,-2.5,-359975.0,SL,False,2
INKP,2025-03-07,2025-03-10,5400.0,5292.0,-2.5,-359974.0,SL,False,1
NIPS,2025-03-06,2025-03-11,282.0,282.0,-0.5,-71995.0,H+3,False,3
INKP,2025-03-10,2025-03-11,5125.0,5022.0,-2.5,-356674.0,SL,False,1
SIPD,2025-03-10,2025-03-11,700.0,721.0,2.5,356674.0,TP,True,1
KRAH,2025-03-07,2025-03-12,436.0,436.0,-0.5,-71995.0,H+3,False,3
LINK,2025-03-10,2025-03-12,1645.0,1612.0,-2.5,-356674.0,SL,False,2
LINK,2025-03-12,2025-03-13,1600.0,1648.0,2.5,354588.0,TP,True,1
INKP,2025-03-11,2025-03-14,4870.0,4773.0,-2.5,-356374.0,SL,False,3
TPIA,2025-03-11,2025-03-14,6875.0,6750.0,-2.32,-330456.0,H+3,False,3
HITS,2025-03-11,2025-03-14,300.0,300.0,-0.5,-71275.0,H+3,False,3
NIPS,2025-03-12,2025-03-17,282.0,282.0,-0.5,-70918.0,H+3,False,3
TPIA,2025-03-14,2025-03-17,6750.0,6615.0,-2.5,-352907.0,SL,False,1
SIPD,2025-03-14,2025-03-17,720.0,706.0,-2.5,-352907.0,SL,False,1
PRAS,2025-03-13,2025-03-18,97.0,97.0,-0.5,-71213.0,H+3,False,3
HITS,2025-03-14,2025-03-18,300.0,309.0,2.5,352907.0,TP,True,2
SIPD,2025-03-17,2025-03-18,680.0,666.0,-2.5,-349670.0,SL,False,1
TPIA,2025-03-17,2025-03-18,6650.0,6517.0,-2.5,-349670.0,SL,False,1
INKP,2025-03-17,2025-03-18,4900.0,4802.0,-2.5,-349670.0,SL,False,1
TPIA,2025-03-18,2025-03-19,5425.0,5316.0,-2.5,-346473.0,SL,False,1
BRPT,2025-03-18,2025-03-19,655.0,642.0,-2.5,-346473.0,SL,False,1
SIPD,2025-03-18,2025-03-19,700.0,686.0,-2.5,-346473.0,SL,False,1
ABMM,2025-03-18,2025-03-21,3090.0,3040.0,-2.12,-293549.0,H+3,False,3
NIPS,2025-03-18,2025-03-21,282.0,282.0,-0.5,-69295.0,H+3,False,3
BRPT,2025-03-20,2025-03-21,675.0,662.0,-2.5,-342142.0,SL,False,1
PRAS,2025-03-19,2025-03-24,97.0,97.0,-0.5,-68428.0,H+3,False,3
KRAH,2025-03-19,2025-03-24,436.0,436.0,-0.5,-68428.0,H+3,False,3
HITS,2025-03-21,2025-03-24,230.0,225.0,-2.5,-339205.0,SL,False,1
ABMM,2025-03-21,2025-03-24,3040.0,2979.0,-2.5,-339205.0,SL,False,1
BRPT,2025-03-24,2025-03-25,655.0,642.0,-2.5,-335808.0,SL,False,1
HITS,2025-03-24,2025-03-25,176.0,172.0,-2.5,-335808.0,SL,False,1
SIPD,2025-03-24,2025-03-25,690.0,676.0,-2.5,-335808.0,SL,False,1
NIPS,2025-03-21,2025-04-08,282.0,282.0,-0.5,-67841.0,H+5,False,5
ABMM,2025-03-24,2025-04-08,2960.0,2901.0,-2.5,-335808.0,SL,False,4
BRPT,2025-03-25,2025-04-08,645.0,632.0,-2.5,-331610.0,SL,False,3
TPIA,2025-03-25,2025-04-08,6775.0,6640.0,-2.5,-331610.0,SL,False,3
HITS,2025-03-25,2025-04-08,116.0,116.0,-0.5,-66322.0,H+3,False,3
INKP,2025-04-08,2025-04-09,4460.0,4371.0,-2.5,-326889.0,SL,False,1
ABMM,2025-04-08,2025-04-09,2860.0,2803.0,-2.5,-326889.0,SL,False,1
BRPT,2025-04-08,2025-04-09,645.0,632.0,-2.5,-326889.0,SL,False,1
SPMA,2025-04-08,2025-04-09,200.0,206.0,2.5,326889.0,TP,True,1
TPIA,2025-04-08,2025-04-09,7200.0,7056.0,-2.5,-326889.0,SL,False,1
BRPT,2025-04-09,2025-04-10,600.0,618.0,2.5,322802.0,TP,True,1
TPIA,2025-04-09,2025-04-10,6725.0,6927.0,2.5,322802.0,TP,True,1
INKP,2025-04-09,2025-04-10,4350.0,4480.0,2.5,322802.0,TP,True,1
ABMM,2025-04-09,2025-04-10,2830.0,2915.0,2.5,322802.0,TP,True,1
SIPD,2025-04-09,2025-04-10,675.0,695.0,2.5,322802.0,TP,True,1
BRPT,2025-04-10,2025-04-11,655.0,642.0,-2.5,-329528.0,SL,False,1
TPIA,2025-04-10,2025-04-11,6800.0,6664.0,-2.5,-329528.0,SL,False,1
INKP,2025-04-10,2025-04-11,4790.0,4694.0,-2.5,-329528.0,SL,False,1
SPMA,2025-04-10,2025-04-11,202.0,208.0,2.5,329528.0,TP,True,1
ABMM,2025-04-10,2025-04-14,2960.0,3049.0,2.5,329528.0,TP,True,2
BRPT,2025-04-11,2025-04-14,665.0,652.0,-2.5,-326781.0,SL,False,1
INKP,2025-04-11,2025-04-14,5000.0,5150.0,2.5,326781.0,TP,True,1
TPIA,2025-04-11,2025-04-15,6975.0,7184.0,2.5,326781.0,TP,True,2
BRPT,2025-04-14,2025-04-15,695.0,681.0,-2.5,-328154.0,SL,False,1
INKP,2025-04-14,2025-04-15,5025.0,4924.0,-2.5,-328154.0,SL,False,1
LINK,2025-04-11,2025-04-16,1950.0,1940.0,-1.01,-132388.0,H+3,False,3
BRPT,2025-04-15,2025-04-16,705.0,726.0,2.5,326781.0,TP,True,1
INKP,2025-04-15,2025-04-16,4970.0,4871.0,-2.5,-326781.0,SL,False,1
TPIA,2025-04-15,2025-04-16,7350.0,7570.0,2.5,326781.0,TP,True,1
SIPD,2025-04-14,2025-04-17,700.0,700.0,-0.5,-65631.0,H+3,False,3
BRPT,2025-04-16,2025-04-17,730.0,715.0,-2.5,-327591.0,SL,False,1
INKP,2025-04-16,2025-04-21,4820.0,4724.0,-2.5,-327591.0,SL,False,2
ABMM,2025-04-16,2025-04-21,3100.0,3193.0,2.5,327591.0,TP,True,2
BRPT,2025-04-17,2025-04-21,765.0,788.0,2.5,325953.0,TP,True,1
SIPD,2025-04-17,2025-04-21,700.0,686.0,-2.5,-325953.0,SL,False,1
TPIA,2025-04-17,2025-04-22,7550.0,7776.0,2.5,325953.0,TP,True,2
INKP,2025-04-21,2025-04-22,4750.0,4892.0,2.5,325953.0,TP,True,1
ABMM,2025-04-21,2025-04-23,3250.0,3348.0,2.5,325953.0,TP,True,2
SIPD,2025-04-21,2025-04-23,715.0,701.0,-2.5,-325953.0,SL,False,2
BRPT,2025-04-22,2025-04-23,770.0,793.0,2.5,328669.0,TP,True,1
TPIA,2025-04-22,2025-04-24,7750.0,7982.0,2.5,328669.0,TP,True,2
INKP,2025-04-22,2025-04-24,5025.0,5176.0,2.5,328669.0,TP,True,2
ABMM,2025-04-23,2025-04-24,3300.0,3399.0,2.5,330039.0,TP,True,1
LINK,2025-04-23,2025-04-25,1835.0,1890.0,2.5,330039.0,TP,True,2
INKP,2025-04-24,2025-04-25,5050.0,5202.0,2.5,334153.0,TP,True,1
SIPD,2025-04-23,2025-04-28,720.0,742.0,2.5,330039.0,TP,True,3
TPIA,2025-04-24,2025-04-28,7700.0,7931.0,2.5,334153.0,TP,True,2
BRPT,2025-04-24,2025-04-28,765.0,750.0,-2.5,-334153.0,SL,False,2
INKP,2025-04-25,2025-04-30,5275.0,5170.0,-2.5,-336920.0,SL,False,3
ABMM,2025-04-25,2025-04-30,3310.0,3320.0,-0.2,-26669.0,H+3,False,3
TPIA,2025-04-28,2025-05-02,7800.0,8034.0,2.5,338295.0,TP,True,3
INKP,2025-04-30,2025-05-02,5150.0,5304.0,2.5,336780.0,TP,True,1
TPIA,2025-05-02,2025-05-07,8650.0,8910.0,2.5,339593.0,TP,True,3
ABMM,2025-05-02,2025-05-07,3260.0,3195.0,-2.5,-339593.0,SL,False,3
ABMM,2025-05-07,2025-05-08,3200.0,3136.0,-2.5,-339593.0,SL,False,1
LINK,2025-05-06,2025-05-09,1710.0,1690.0,-1.67,-226793.0,H+3,False,3
TPIA,2025-05-08,2025-05-09,8875.0,8698.0,-2.5,-338178.0,SL,False,1
ABMM,2025-05-08,2025-05-09,3160.0,3097.0,-2.5,-338178.0,SL,False,1
TPIA,2025-05-09,2025-05-14,8525.0,8781.0,2.5,334415.0,TP,True,1
FASW,2025-05-08,2025-05-15,5277.0,5277.0,-0.5,-67636.0,H+3,False,3
ABMM,2025-05-09,2025-05-15,3080.0,3172.0,2.5,334415.0,TP,True,2
LINK,2025-05-14,2025-05-16,1600.0,1568.0,-2.5,-335809.0,SL,False,2
INKP,2025-05-16,2025-05-19,5975.0,6154.0,2.5,335521.0,TP,True,1
FASW,2025-05-15,2025-05-20,5277.0,5277.0,-0.5,-67384.0,H+3,False,3
TPIA,2025-05-16,2025-05-20,9225.0,9502.0,2.5,335521.0,TP,True,2
LINK,2025-05-19,2025-05-20,1410.0,1452.0,2.5,336919.0,TP,True,1
ABMM,2025-05-16,2025-05-21,3180.0,3190.0,-0.19,-24900.0,H+3,False,3
INKP,2025-05-20,2025-05-23,6175.0,6175.0,-0.5,-67888.0,H+3,False,3
TPIA,2025-05-21,2025-05-23,9500.0,9785.0,2.5,339336.0,TP,True,2
BRPT,2025-05-22,2025-05-23,1080.0,1112.0,2.5,339336.0,TP,True,1
BRPT,2025-05-23,2025-05-26,1155.0,1190.0,2.5,341881.0,TP,True,1
LINK,2025-05-23,2025-05-27,1570.0,1539.0,-2.5,-341881.0,SL,False,2
ABMM,2025-05-23,2025-05-28,3170.0,3150.0,-1.13,-154655.0,H+3,False,3
FASW,2025-05-23,2025-05-28,5277.0,5277.0,-0.5,-68376.0,H+3,False,3
LINK,2025-05-27,2025-05-28,1440.0,1483.0,2.5,341881.0,TP,True,1
BMAS,2025-05-27,2025-06-02,530.0,546.0,2.5,341881.0,TP,True,2
BRPT,2025-05-28,2025-06-02,1260.0,1235.0,-2.5,-342376.0,SL,False,1
BMAS,2025-06-02,2025-06-03,580.0,597.0,2.5,342374.0,TP,True,1
BMAS,2025-06-03,2025-06-04,620.0,639.0,2.5,343801.0,TP,True,1
BRPT,2025-06-03,2025-06-04,1290.0,1264.0,-2.5,-343801.0,SL,False,1
TPIA,2025-06-02,2025-06-05,9300.0,9579.0,2.5,342374.0,TP,True,3
BMAS,2025-06-04,2025-06-05,680.0,700.0,2.5,343801.0,TP,True,1
BRPT,2025-06-04,2025-06-05,1290.0,1329.0,2.5,343801.0,TP,True,1
BMAS,2025-06-05,2025-06-10,745.0,767.0,2.5,348092.0,TP,True,1
TPIA,2025-06-05,2025-06-10,9575.0,9862.0,2.5,348092.0,TP,True,1
BMAS,2025-06-10,2025-06-11,815.0,799.0,-2.5,-350993.0,SL,False,1
BMAS,2025-06-11,2025-06-12,735.0,720.0,-2.5,-349531.0,SL,False,1
SIPD,2025-06-10,2025-06-13,695.0,715.0,2.38,333822.0,H+3,True,3
BMAS,2025-06-12,2025-06-13,710.0,696.0,-2.5,-348074.0,SL,False,1
BMAS,2025-06-16,2025-06-17,600.0,588.0,-2.5,-348015.0,SL,False,1
INKP,2025-06-13,2025-06-18,6275.0,6150.0,-2.5,-348015.0,SL,False,3
LINK,2025-06-16,2025-06-19,1560.0,1555.0,-0.82,-114220.0,H+3,False,3
INKP,2025-06-18,2025-06-19,6025.0,5904.0,-2.5,-345115.0,SL,False,1
BMAS,2025-06-17,2025-06-20,580.0,568.0,-2.5,-346565.0,SL,False,3
SPMA,2025-06-19,2025-06-20,197.0,203.0,2.5,343201.0,TP,True,1
BRPT,2025-06-19,2025-06-20,1485.0,1530.0,2.5,343201.0,TP,True,1
INKP,2025-06-19,2025-06-20,5750.0,5922.0,2.5,343201.0,TP,True,1
TPIA,2025-06-19,2025-06-23,9775.0,9580.0,-2.5,-343201.0,SL,False,2
BRPT,2025-06-20,2025-06-23,1500.0,1470.0,-2.5,-346047.0,SL,False,1
INKP,2025-06-20,2025-06-23,5800.0,5684.0,-2.5,-346047.0,SL,False,1
BMAS,2025-06-20,2025-06-25,565.0,582.0,2.5,346047.0,TP,True,3
TPIA,2025-06-23,2025-06-25,9375.0,9656.0,2.5,341733.0,TP,True,2
INKP,2025-06-23,2025-06-25,5775.0,5660.0,-2.5,-341733.0,SL,False,2
SPMA,2025-06-23,2025-06-26,195.0,195.0,-0.5,-68347.0,H+3,False,3
ABMM,2025-06-23,2025-06-26,3000.0,3000.0,-0.5,-68347.0,H+3,False,3
LINK,2025-06-25,2025-06-30,1405.0,1447.0,2.5,343175.0,TP,True,2
INKP,2025-06-25,2025-06-30,5650.0,5820.0,2.5,343175.0,TP,True,2
TPIA,2025-06-25,2025-06-30,9500.0,9785.0,2.5,343175.0,TP,True,2
BMAS,2025-06-30,2025-07-01,610.0,628.0,2.5,346895.0,TP,True,1
SPMA,2025-06-26,2025-07-02,195.0,195.0,-0.5,-68521.0,H+3,False,3
BRPT,2025-07-01,2025-07-02,1655.0,1622.0,-2.5,-348341.0,SL,False,1
BRPT,2025-07-02,2025-07-03,1580.0,1548.0,-2.5,-346604.0,SL,False,1
SPMA,2025-07-02,2025-07-03,195.0,191.0,-2.5,-346604.0,SL,False,1
INKP,2025-07-01,2025-07-04,5525.0,5414.0,-2.5,-348341.0,SL,False,3
TPIA,2025-07-02,2025-07-04,10100.0,9898.0,-2.5,-346604.0,SL,False,2
ABMM,2025-07-02,2025-07-07,2930.0,3018.0,2.5,346604.0,TP,True,3
BRPT,2025-07-03,2025-07-07,1540.0,1586.0,2.5,343715.0,TP,True,2
SPMA,2025-07-03,2025-07-08,194.0,195.0,0.29,40373.0,H+3,True,3
BMAS,2025-07-04,2025-07-08,540.0,529.0,-2.5,-340820.0,SL,False,2
INKP,2025-07-04,2025-07-09,5375.0,5536.0,2.5,340820.0,TP,True,3
BRPT,2025-07-09,2025-07-10,1740.0,1792.0,2.5,343864.0,TP,True,1
BMAS,2025-07-08,2025-07-11,515.0,515.0,-0.5,-68489.0,H+3,False,3
BRPT,2025-07-10,2025-07-11,1740.0,1792.0,2.5,345297.0,TP,True,1
BRPT,2025-07-11,2025-07-14,1800.0,1854.0,2.5,346450.0,TP,True,1
BRPT,2025-07-14,2025-07-15,2100.0,2058.0,-2.5,-347894.0,SL,False,1
BMAS,2025-07-11,2025-07-16,515.0,530.0,2.5,346450.0,TP,True,3
ABMM,2025-07-14,2025-07-16,3050.0,2989.0,-2.5,-347894.0,SL,False,2
BRPT,2025-07-15,2025-07-16,2030.0,1989.0,-2.5,-346444.0,SL,False,1
BRPT,2025-07-16,2025-07-17,2010.0,2070.0,2.5,344995.0,TP,True,1
BMAS,2025-07-16,2025-07-17,565.0,582.0,2.5,344995.0,TP,True,1
BRPT,2025-07-17,2025-07-18,2180.0,2245.0,2.5,347870.0,TP,True,1
TPIA,2025-07-16,2025-07-21,9575.0,9384.0,-2.5,-344995.0,SL,False,3
BMAS,2025-07-17,2025-07-21,615.0,633.0,2.5,347870.0,TP,True,2
BRPT,2025-07-18,2025-07-21,2260.0,2215.0,-2.5,-349319.0,SL,False,1
TPIA,2025-07-21,2025-07-22,9325.0,9138.0,-2.5,-347876.0,SL,False,1
BRPT,2025-07-22,2025-07-23,2200.0,2156.0,-2.5,-346426.0,SL,False,1
BMAS,2025-07-21,2025-07-24,615.0,615.0,-0.5,-69575.0,H+3,False,3
TPIA,2025-07-22,2025-07-24,8825.0,9090.0,2.5,346426.0,TP,True,2
BRPT,2025-07-23,2025-07-24,2210.0,2276.0,2.5,344983.0,TP,True,1
BRPT,2025-07-24,2025-07-25,2220.0,2176.0,-2.5,-347574.0,SL,False,1
LINK,2025-07-24,2025-07-25,1555.0,1602.0,2.5,347574.0,TP,True,1
TPIA,2025-07-24,2025-07-28,9100.0,9373.0,2.5,347574.0,TP,True,2
BRPT,2025-07-25,2025-07-28,2480.0,2430.0,-2.5,-347574.0,SL,False,1
BRPT,2025-07-28,2025-07-29,2470.0,2544.0,2.5,347574.0,TP,True,1
BRPT,2025-07-29,2025-07-30,2610.0,2688.0,2.5,349022.0,TP,True,1
BRPT,2025-07-30,2025-07-31,2610.0,2688.0,2.5,350476.0,TP,True,1
INKP,2025-07-30,2025-07-31,7125.0,6982.0,-2.5,-350476.0,SL,False,1
SPMA,2025-07-30,2025-07-31,212.0,208.0,-2.5,-350476.0,SL,False,1
BRPT,2025-07-31,2025-08-01,2630.0,2709.0,2.5,349016.0,TP,True,1
INKP,2025-07-31,2025-08-01,6800.0,6664.0,-2.5,-349016.0,SL,False,1
SPMA,2025-07-31,2025-08-01,209.0,205.0,-2.5,-349016.0,SL,False,1
ABMM,2025-07-31,2025-08-04,2940.0,3028.0,2.5,349016.0,TP,True,2
BRPT,2025-08-01,2025-08-04,2690.0,2636.0,-2.5,-347562.0,SL,False,1
LINK,2025-08-01,2025-08-04,1890.0,1947.0,2.5,347562.0,TP,True,1
INKP,2025-08-01,2025-08-04,7300.0,7154.0,-2.5,-347562.0,SL,False,1
BMAS,2025-07-31,2025-08-05,575.0,564.0,-2.5,-349016.0,SL,False,3
BRPT,2025-08-04,2025-08-05,2570.0,2519.0,-2.5,-347568.0,SL,False,1
LINK,2025-08-04,2025-08-05,2050.0,2009.0,-2.5,-347568.0,SL,False,1
BRPT,2025-08-05,2025-08-06,2460.0,2534.0,2.5,343217.0,TP,True,1
INKP,2025-08-05,2025-08-06,7375.0,7596.0,2.5,343217.0,TP,True,1
TPIA,2025-08-05,2025-08-08,9050.0,8869.0,-2.5,-343217.0,SL,False,3
BMAS,2025-08-05,2025-08-08,550.0,550.0,-0.5,-68643.0,H+3,False,3
INKP,2025-08-06,2025-08-08,7450.0,7674.0,2.5,346077.0,TP,True,2
LINK,2025-08-07,2025-08-08,1960.0,1921.0,-2.5,-346077.0,SL,False,1
INKP,2025-08-08,2025-08-12,8000.0,8240.0,2.5,344361.0,TP,True,2
LINK,2025-08-08,2025-08-12,1800.0,1764.0,-2.5,-344361.0,SL,False,2
SIPD,2025-08-08,2025-08-13,700.0,721.0,2.5,344361.0,TP,True,3
TPIA,2025-08-08,2025-08-13,8825.0,9090.0,2.5,344361.0,TP,True,3
SPMA,2025-08-08,2025-08-13,209.0,216.0,2.5,344361.0,TP,True,3
INKP,2025-08-12,2025-08-13,8375.0,8208.0,-2.5,-344361.0,SL,False,1
INKP,2025-08-13,2025-08-14,8000.0,7840.0,-2.5,-347231.0,SL,False,1
INKP,2025-08-14,2025-08-15,7800.0,8034.0,2.5,345784.0,TP,True,1
LINK,2025-08-15,2025-08-19,2330.0,2400.0,2.5,347225.0,TP,True,1
BMAS,2025-08-15,2025-08-19,665.0,685.0,2.5,347225.0,TP,True,1
LINK,2025-08-19,2025-08-20,2560.0,2637.0,2.5,350118.0,TP,True,1
BMAS,2025-08-19,2025-08-21,730.0,715.0,-2.5,-350118.0,SL,False,2
LINK,2025-08-20,2025-08-21,2810.0,2894.0,2.5,351577.0,TP,True,1
INKP,2025-08-20,2025-08-21,7975.0,7816.0,-2.5,-351577.0,SL,False,1
SIPD,2025-08-19,2025-08-22,700.0,721.0,2.5,350118.0,TP,True,3
LINK,2025-08-21,2025-08-22,3090.0,3183.0,2.5,350118.0,TP,True,1
BMAS,2025-08-21,2025-08-22,700.0,686.0,-2.5,-350118.0,SL,False,1
LINK,2025-08-22,2025-08-25,3390.0,3322.0,-2.5,-351577.0,SL,False,1
BMAS,2025-08-22,2025-08-25,650.0,637.0,-2.5,-351577.0,SL,False,1
INKP,2025-08-21,2025-08-26,7700.0,7650.0,-1.15,-160964.0,H+3,False,3
BRPT,2025-08-22,2025-08-26,2250.0,2205.0,-2.5,-351577.0,SL,False,2
BMAS,2025-08-25,2025-08-27,585.0,573.0,-2.5,-348647.0,SL,False,2
SPMA,2025-08-25,2025-08-27,228.0,223.0,-2.5,-348647.0,SL,False,2
BRPT,2025-08-26,2025-08-27,2180.0,2245.0,2.5,346512.0,TP,True,1
INKP,2025-08-26,2025-08-27,7650.0,7880.0,2.5,346512.0,TP,True,1
LINK,2025-08-26,2025-08-28,3360.0,3461.0,2.5,346512.0,TP,True,2
BMAS,2025-08-27,2025-08-28,600.0,618.0,2.5,346494.0,TP,True,1
SPMA,2025-08-27,2025-08-29,223.0,219.0,-2.5,-346494.0,SL,False,2
BMAS,2025-08-28,2025-08-29,660.0,680.0,2.5,349382.0,TP,True,1
LINK,2025-08-28,2025-09-01,3770.0,3695.0,-2.5,-349382.0,SL,False,2
BRPT,2025-08-29,2025-09-01,2190.0,2146.0,-2.5,-349394.0,SL,False,1
INKP,2025-08-29,2025-09-01,7650.0,7497.0,-2.5,-349394.0,SL,False,1
BMAS,2025-08-29,2025-09-01,825.0,808.0,-2.5,-349394.0,SL,False,1
SPMA,2025-08-29,2025-09-01,223.0,219.0,-2.5,-349394.0,SL,False,1
BRPT,2025-09-01,2025-09-02,2130.0,2194.0,2.5,342115.0,TP,True,1
LINK,2025-09-01,2025-09-02,3400.0,3502.0,2.5,342115.0,TP,True,1
INKP,2025-09-01,2025-09-02,7850.0,8086.0,2.5,342115.0,TP,True,1
BMAS,2025-09-01,2025-09-02,765.0,750.0,-2.5,-342115.0,SL,False,1
SPMA,2025-09-01,2025-09-03,220.0,227.0,2.5,342115.0,TP,True,2
BMAS,2025-09-02,2025-09-03,735.0,720.0,-2.5,-344966.0,SL,False,1
LINK,2025-09-03,2025-09-04,3480.0,3410.0,-2.5,-344954.0,SL,False,1
BMAS,2025-09-03,2025-09-04,720.0,706.0,-2.5,-344954.0,SL,False,1
BMAS,2025-09-04,2025-09-08,735.0,720.0,-2.5,-342079.0,SL,False,1
BRPT,2025-09-08,2025-09-09,2150.0,2107.0,-2.5,-340654.0,SL,False,1
LINK,2025-09-08,2025-09-09,3000.0,2940.0,-2.5,-340654.0,SL,False,1
BMAS,2025-09-08,2025-09-09,700.0,686.0,-2.5,-340654.0,SL,False,1
BMAS,2025-09-09,2025-09-10,675.0,662.0,-2.5,-336396.0,SL,False,1
SPMA,2025-09-09,2025-09-10,215.0,222.0,2.5,336396.0,TP,True,1
LINK,2025-09-09,2025-09-11,2700.0,2781.0,2.5,336396.0,TP,True,2
TPIA,2025-09-09,2025-09-11,7575.0,7802.0,2.5,336396.0,TP,True,2
BMAS,2025-09-10,2025-09-11,690.0,676.0,-2.5,-336396.0,SL,False,1
INKP,2025-09-09,2025-09-12,7600.0,7828.0,2.5,336396.0,TP,True,3
LINK,2025-09-11,2025-09-12,2990.0,3080.0,2.5,337797.0,TP,True,1
BMAS,2025-09-11,2025-09-12,710.0,731.0,2.5,337797.0,TP,True,1
TDPM,2025-09-10,2025-09-15,119.0,119.0,-0.5,-67279.0,H+3,False,3
LINK,2025-09-12,2025-09-15,3190.0,3126.0,-2.5,-342014.0,SL,False,1
BMAS,2025-09-12,2025-09-15,785.0,769.0,-2.5,-342014.0,SL,False,1
MFMI,2025-09-11,2025-09-16,1300.0,1300.0,-0.5,-67559.0,H+3,False,3
BBTN,2025-09-12,2025-09-16,1410.0,1382.0,-2.5,-342014.0,SL,False,2
FOOD,2025-09-15,2025-09-16,187.0,193.0,2.5,338883.0,TP,True,1
RICY,2025-09-15,2025-09-16,88.0,91.0,2.5,338883.0,TP,True,1
PTRO,2025-09-15,2025-09-17,4110.0,4233.0,2.5,338883.0,TP,True,2
PICO,2025-09-16,2025-09-17,226.0,221.0,-2.5,-340001.0,SL,False,1
MLPT,2025-09-16,2025-09-17,109200.0,112476.0,2.5,340001.0,TP,True,1
HRUM,2025-09-16,2025-09-17,1095.0,1128.0,2.5,340001.0,TP,True,1
SIPD,2025-09-16,2025-09-18,680.0,700.0,2.5,340001.0,TP,True,2
MLPT,2025-09-17,2025-09-18,131025.0,134956.0,2.5,342830.0,TP,True,1
RICY,2025-09-17,2025-09-18,83.0,85.0,2.5,342830.0,TP,True,1
PICO,2025-09-17,2025-09-18,216.0,222.0,2.5,342830.0,TP,True,1
FOOD,2025-09-17,2025-09-18,204.0,210.0,2.5,342830.0,TP,True,1
PICO,2025-09-18,2025-09-19,240.0,235.0,-2.5,-349960.0,SL,False,1
PTRO,2025-09-18,2025-09-19,5150.0,5047.0,-2.5,-349960.0,SL,False,1
NASI,2025-09-18,2025-09-19,120.0,118.0,-2.5,-349960.0,SL,False,1
OKAS,2025-09-18,2025-09-19,256.0,251.0,-2.5,-349960.0,SL,False,1
MIRA,2025-09-19,2025-09-22,66.0,68.0,2.5,344127.0,TP,True,1
VKTR,2025-09-19,2025-09-22,176.0,172.0,-2.5,-344127.0,SL,False,1
PTRO,2025-09-19,2025-09-22,5300.0,5459.0,2.5,344127.0,TP,True,1
MAPI,2025-09-19,2025-09-22,1205.0,1181.0,-2.5,-344127.0,SL,False,1
MLPT,2025-09-18,2025-09-23,157225.0,157225.0,-0.5,-69992.0,H+3,False,3
FISH,2025-09-22,2025-09-23,2010.0,2070.0,2.5,344127.0,TP,True,1
TALF,2025-09-22,2025-09-23,680.0,666.0,-2.5,-344127.0,SL,False,1
VKTR,2025-09-22,2025-09-23,175.0,180.0,2.5,344127.0,TP,True,1
PICO,2025-09-22,2025-09-23,280.0,274.0,-2.5,-344127.0,SL,False,1
SKBM,2025-09-23,2025-09-24,675.0,662.0,-2.5,-343836.0,SL,False,1
MDRN,2025-09-23,2025-09-24,55.0,57.0,2.5,343836.0,TP,True,1
FISH,2025-09-23,2025-09-24,2510.0,2585.0,2.5,343836.0,TP,True,1
WIIM,2025-09-23,2025-09-24,1310.0,1284.0,-2.5,-343836.0,SL,False,1
TALF,2025-09-23,2025-09-24,605.0,593.0,-2.5,-343836.0,SL,False,1
MDRN,2025-09-24,2025-09-25,60.0,62.0,2.5,342403.0,TP,True,1
GIAA,2025-09-24,2025-09-25,99.0,97.0,-2.5,-342403.0,SL,False,1
WIIM,2025-09-24,2025-09-25,1250.0,1288.0,2.5,342403.0,TP,True,1
LAND,2025-09-24,2025-09-25,57.0,56.0,-2.5,-342403.0,SL,False,1
SKBM,2025-09-24,2025-09-25,575.0,564.0,-2.5,-342403.0,SL,False,1
MDRN,2025-09-25,2025-09-26,66.0,65.0,-2.5,-340976.0,SL,False,1
UANG,2025-09-25,2025-09-26,2720.0,2802.0,2.5,340976.0,TP,True,1
WIIM,2025-09-25,2025-09-26,1335.0,1308.0,-2.5,-340976.0,SL,False,1
TINS,2025-09-25,2025-09-26,1405.0,1377.0,-2.5,-340976.0,SL,False,1
AMIN,2025-09-25,2025-09-26,266.0,261.0,-2.5,-340976.0,SL,False,1
UANG,2025-09-26,2025-09-29,2990.0,2930.0,-2.5,-336714.0,SL,False,1
MDRN,2025-09-26,2025-09-29,60.0,59.0,-2.5,-336714.0,SL,False,1
PICO,2025-09-26,2025-09-29,336.0,346.0,2.5,336714.0,TP,True,1
ANJT,2025-09-26,2025-09-29,2190.0,2146.0,-2.5,-336714.0,SL,False,1
RANC,2025-09-26,2025-09-30,810.0,834.0,2.5,336714.0,TP,True,2
HERO,2025-09-29,2025-09-30,655.0,642.0,-2.5,-333908.0,SL,False,1
UANG,2025-09-29,2025-09-30,3150.0,3244.0,2.5,333908.0,TP,True,1
RICY,2025-09-29,2025-10-01,72.0,71.0,-2.5,-333908.0,SL,False,2
OILS,2025-09-30,2025-10-01,260.0,255.0,-2.5,-335311.0,SL,False,1
HERO,2025-09-30,2025-10-01,775.0,760.0,-2.5,-335311.0,SL,False,1
UANG,2025-09-30,2025-10-01,3460.0,3564.0,2.5,335311.0,TP,True,1
MLPT,2025-09-29,2025-10-02,149000.0,153470.0,2.5,333908.0,TP,True,3
MLPL,2025-10-01,2025-10-02,230.0,237.0,2.5,332523.0,TP,True,1
UANG,2025-10-01,2025-10-02,3800.0,3914.0,2.5,332523.0,TP,True,1
OILS,2025-10-01,2025-10-02,266.0,261.0,-2.5,-332523.0,SL,False,1
PDES,2025-10-01,2025-10-02,630.0,617.0,-2.5,-332523.0,SL,False,1
UANG,2025-10-02,2025-10-03,4750.0,4892.0,2.5,333914.0,TP,True,1
TINS,2025-10-02,2025-10-03,1915.0,1972.0,2.5,333914.0,TP,True,1
IDPR,2025-10-02,2025-10-03,434.0,425.0,-2.5,-333914.0,SL,False,1
PDES,2025-10-02,2025-10-03,620.0,608.0,-2.5,-333914.0,SL,False,1
PBSA,2025-10-02,2025-10-03,885.0,867.0,-2.5,-333914.0,SL,False,1
UANG,2025-10-03,2025-10-06,5925.0,5806.0,-2.5,-332523.0,SL,False,1
IDPR,2025-10-03,2025-10-06,498.0,513.0,2.5,332523.0,TP,True,1
MLPT,2025-10-03,2025-10-06,179300.0,184679.0,2.5,332523.0,TP,True,1
NIKL,2025-10-03,2025-10-06,300.0,309.0,2.5,332523.0,TP,True,1
PYFA,2025-10-03,2025-10-06,570.0,559.0,-2.5,-332523.0,SL,False,1
RICY,2025-10-06,2025-10-07,65.0,64.0,-2.5,-333908.0,SL,False,1
SIMP,2025-10-06,2025-10-07,590.0,578.0,-2.5,-333908.0,SL,False,1
MSKY,2025-10-06,2025-10-07,90.0,88.0,-2.5,-333908.0,SL,False,1
FORU,2025-10-06,2025-10-07,1040.0,1019.0,-2.5,-333908.0,SL,False,1
GGRM,2025-10-06,2025-10-07,12625.0,12372.0,-2.5,-333908.0,SL,False,1
NIKL,2025-10-07,2025-10-08,466.0,457.0,-2.5,-326952.0,SL,False,1
TALF,2025-10-07,2025-10-08,450.0,441.0,-2.5,-326952.0,SL,False,1
GGRM,2025-10-07,2025-10-08,11900.0,11662.0,-2.5,-326952.0,SL,False,1
MLPT,2025-10-07,2025-10-08,214900.0,210602.0,-2.5,-326952.0,SL,False,1
LSIP,2025-10-07,2025-10-09,1255.0,1293.0,2.5,326952.0,TP,True,2
GGRM,2025-10-08,2025-10-09,11300.0,11639.0,2.5,321503.0,TP,True,1
FOOD,2025-10-08,2025-10-09,180.0,176.0,-2.5,-321503.0,SL,False,1
TNCA,2025-10-08,2025-10-09,272.0,267.0,-2.5,-321503.0,SL,False,1
PPRE,2025-10-08,2025-10-09,85.0,88.0,2.5,321503.0,TP,True,1
MORA,2025-10-09,2025-10-10,730.0,752.0,2.5,322865.0,TP,True,1
GWSA,2025-10-09,2025-10-10,145.0,142.0,-2.5,-322865.0,SL,False,1
GIAA,2025-10-09,2025-10-10,105.0,108.0,2.5,322865.0,TP,True,1
MLPT,2025-10-09,2025-10-10,191900.0,188062.0,-2.5,-322865.0,SL,False,1
COCO,2025-10-09,2025-10-10,290.0,299.0,2.5,322865.0,TP,True,1
MORA,2025-10-10,2025-10-13,910.0,892.0,-2.5,-324210.0,SL,False,1
MDRN,2025-10-10,2025-10-13,72.0,74.0,2.5,324210.0,TP,True,1
SOSS,2025-10-10,2025-10-13,835.0,818.0,-2.5,-324210.0,SL,False,1
YELO,2025-10-10,2025-10-13,76.0,74.0,-2.5,-324210.0,SL,False,1
GIAA,2025-10-13,2025-10-14,126.0,123.0,-2.5,-321509.0,SL,False,1
KIOS,2025-10-13,2025-10-14,73.0,72.0,-2.5,-321509.0,SL,False,1
FIRE,2025-10-13,2025-10-14,88.0,86.0,-2.5,-321509.0,SL,False,1
MDRN,2025-10-13,2025-10-14,79.0,77.0,-2.5,-321509.0,SL,False,1
LINK,2025-10-10,2025-10-15,3220.0,3156.0,-2.5,-324210.0,SL,False,3
NRCA,2025-10-14,2025-10-15,795.0,779.0,-2.5,-316150.0,SL,False,1
KIOS,2025-10-14,2025-10-15,70.0,69.0,-2.5,-316150.0,SL,False,1
SONA,2025-10-14,2025-10-15,3400.0,3502.0,2.5,316150.0,TP,True,1
MIRA,2025-10-14,2025-10-16,54.0,53.0,-2.5,-316150.0,SL,False,2
FIRE,2025-10-15,2025-10-16,79.0,81.0,2.5,313482.0,TP,True,1
NRCA,2025-10-15,2025-10-16,775.0,798.0,2.5,313482.0,TP,True,1
KIOS,2025-10-15,2025-10-16,63.0,62.0,-2.5,-313482.0,SL,False,1
BNBA,2025-10-15,2025-10-16,630.0,649.0,2.5,313482.0,TP,True,1
MLPL,2025-10-16,2025-10-17,178.0,174.0,-2.5,-314777.0,SL,False,1
LINK,2025-10-16,2025-10-17,2640.0,2587.0,-2.5,-314777.0,SL,False,1
SONA,2025-10-16,2025-10-17,2990.0,2930.0,-2.5,-314777.0,SL,False,1
KICI,2025-10-16,2025-10-17,266.0,261.0,-2.5,-314777.0,SL,False,1
RANC,2025-10-16,2025-10-17,810.0,794.0,-2.5,-314777.0,SL,False,1
SMBR,2025-10-17,2025-10-20,250.0,258.0,2.5,308219.0,TP,True,1
MPPA,2025-10-17,2025-10-20,60.0,62.0,2.5,308219.0,TP,True,1
HRUM,2025-10-17,2025-10-20,1080.0,1058.0,-2.5,-308219.0,SL,False,1
NRCA,2025-10-17,2025-10-20,755.0,778.0,2.5,308219.0,TP,True,1
DSSA,2025-10-17,2025-10-20,3966.0,4085.0,2.5,308219.0,TP,True,1
LINK,2025-10-20,2025-10-21,2300.0,2369.0,2.5,312072.0,TP,True,1
FISH,2025-10-20,2025-10-21,1980.0,1940.0,-2.5,-312072.0,SL,False,1
SONA,2025-10-20,2025-10-21,3000.0,2940.0,-2.5,-312072.0,SL,False,1
KOIN,2025-10-20,2025-10-21,71.0,73.0,2.5,312072.0,TP,True,1
KIOS,2025-10-20,2025-10-21,67.0,69.0,2.5,312072.0,TP,True,1
FISH,2025-10-21,2025-10-22,1935.0,1896.0,-2.5,-313372.0,SL,False,1
MLPL,2025-10-21,2025-10-22,154.0,151.0,-2.5,-313372.0,SL,False,1
IDPR,2025-10-21,2025-10-22,396.0,408.0,2.5,313372.0,TP,True,1
RAAM,2025-10-21,2025-10-22,264.0,259.0,-2.5,-313372.0,SL,False,1
BULL,2025-10-21,2025-10-22,264.0,272.0,2.5,313372.0,TP,True,1
SONA,2025-10-22,2025-10-23,2820.0,2905.0,2.5,312066.0,TP,True,1
NIRO,2025-10-22,2025-10-23,220.0,227.0,2.5,312066.0,TP,True,1
PNGO,2025-10-22,2025-10-23,3070.0,3162.0,2.5,312066.0,TP,True,1
FISH,2025-10-22,2025-10-23,1900.0,1862.0,-2.5,-312066.0,SL,False,1
BULL,2025-10-22,2025-10-23,322.0,316.0,-2.5,-312066.0,SL,False,1
MLPL,2025-10-23,2025-10-24,147.0,144.0,-2.5,-313367.0,SL,False,1
BRPT,2025-10-23,2025-10-24,3740.0,3665.0,-2.5,-313367.0,SL,False,1
EMTK,2025-10-23,2025-10-24,1205.0,1181.0,-2.5,-313367.0,SL,False,1
SCMA,2025-10-23,2025-10-24,352.0,345.0,-2.5,-313367.0,SL,False,1
NIRO,2025-10-23,2025-10-27,274.0,282.0,2.5,313367.0,TP,True,2
MGNA,2025-10-24,2025-10-27,55.0,57.0,2.5,308144.0,TP,True,1
FOOD,2025-10-24,2025-10-27,282.0,290.0,2.5,308144.0,TP,True,1
PICO,2025-10-24,2025-10-27,240.0,235.0,-2.5,-308144.0,SL,False,1
KIOS,2025-10-24,2025-10-27,68.0,67.0,-2.5,-308144.0,SL,False,1
FOOD,2025-10-27,2025-10-28,310.0,319.0,2.5,309450.0,TP,True,1
BRPT,2025-10-27,2025-10-28,3300.0,3234.0,-2.5,-309450.0,SL,False,1
DSSA,2025-10-27,2025-10-28,3552.0,3481.0,-2.5,-309450.0,SL,False,1
EMTK,2025-10-27,2025-10-28,1070.0,1102.0,2.5,309450.0,TP,True,1
ENRG,2025-10-27,2025-10-28,820.0,845.0,2.5,309450.0,TP,True,1
FOOD,2025-10-28,2025-10-29,340.0,350.0,2.5,310739.0,TP,True,1
DSSA,2025-10-28,2025-10-29,3375.0,3308.0,-2.5,-310739.0,SL,False,1
INDY,2025-10-28,2025-10-29,2060.0,2019.0,-2.5,-310739.0,SL,False,1
PTRO,2025-10-28,2025-10-29,6550.0,6746.0,2.5,310739.0,TP,True,1
GEMA,2025-10-28,2025-10-29,93.0,91.0,-2.5,-310739.0,SL,False,1
FOOD,2025-10-29,2025-10-30,374.0,367.0,-2.5,-309444.0,SL,False,1
GEMA,2025-10-29,2025-10-30,90.0,88.0,-2.5,-309444.0,SL,False,1
DSSA,2025-10-29,2025-10-30,3256.0,3191.0,-2.5,-309444.0,SL,False,1
MOLI,2025-10-29,2025-10-30,274.0,282.0,2.5,309444.0,TP,True,1
OKAS,2025-10-30,2025-10-31,142.0,146.0,2.5,306866.0,TP,True,1
MGNA,2025-10-30,2025-10-31,72.0,71.0,-2.5,-306866.0,SL,False,1
DSSA,2025-10-30,2025-10-31,3456.0,3387.0,-2.5,-306866.0,SL,False,1
RICY,2025-10-30,2025-10-31,63.0,65.0,2.5,306866.0,TP,True,1
KOIN,2025-10-29,2025-11-03,70.0,69.0,-1.93,-238714.0,H+3,False,3
BRPT,2025-10-31,2025-11-03,3450.0,3554.0,2.5,306866.0,TP,True,1
BULL,2025-10-31,2025-11-03,218.0,214.0,-2.5,-306866.0,SL,False,1
MDLN,2025-10-31,2025-11-03,59.0,58.0,-2.5,-306866.0,SL,False,1
DSSA,2025-10-31,2025-11-03,3383.0,3484.0,2.5,306866.0,TP,True,1
UANG,2025-11-03,2025-11-04,2030.0,1989.0,-2.5,-305871.0,SL,False,1
TINS,2025-11-03,2025-11-04,2500.0,2450.0,-2.5,-305871.0,SL,False,1
IDPR,2025-11-03,2025-11-04,314.0,308.0,-2.5,-305871.0,SL,False,1
RICY,2025-11-03,2025-11-04,57.0,59.0,2.5,305871.0,TP,True,1
MDLN,2025-11-03,2025-11-05,57.0,56.0,-2.5,-305871.0,SL,False,2
IDPR,2025-11-04,2025-11-05,302.0,311.0,2.5,303322.0,TP,True,1
UANG,2025-11-04,2025-11-05,1910.0,1872.0,-2.5,-303322.0,SL,False,1
RCCC,2025-11-04,2025-11-05,199.0,195.0,-2.5,-303322.0,SL,False,1
SOSS,2025-11-04,2025-11-05,930.0,911.0,-2.5,-303322.0,SL,False,1
UANG,2025-11-05,2025-11-06,1955.0,1916.0,-2.5,-299520.0,SL,False,1
IDPR,2025-11-05,2025-11-06,302.0,311.0,2.5,299520.0,TP,True,1
HERO,2025-11-05,2025-11-06,520.0,536.0,2.5,299520.0,TP,True,1
PDES,2025-11-05,2025-11-06,590.0,608.0,2.5,299520.0,TP,True,1
PGLI,2025-11-05,2025-11-06,540.0,529.0,-2.5,-299520.0,SL,False,1
MORA,2025-11-06,2025-11-07,2160.0,2225.0,2.5,300768.0,TP,True,1
IDPR,2025-11-06,2025-11-07,304.0,313.0,2.5,300768.0,TP,True,1
IPOL,2025-11-06,2025-11-07,131.0,135.0,2.5,300768.0,TP,True,1
ULTJ,2025-11-06,2025-11-10,1480.0,1524.0,2.5,300768.0,TP,True,2
MORA,2025-11-07,2025-11-10,2370.0,2441.0,2.5,304527.0,TP,True,1
KOIN,2025-11-07,2025-11-10,68.0,70.0,2.5,304527.0,TP,True,1
MGNA,2025-11-07,2025-11-10,93.0,91.0,-2.5,-304527.0,SL,False,1
MYOR,2025-11-06,2025-11-11,2030.0,2050.0,0.49,58376.0,H+3,True,3
MORA,2025-11-10,2025-11-11,2600.0,2678.0,2.5,307050.0,TP,True,1
RCCC,2025-11-10,2025-11-11,183.0,179.0,-2.5,-307050.0,SL,False,1
KICI,2025-11-10,2025-11-11,254.0,249.0,-2.5,-307050.0,SL,False,1
RICY,2025-11-10,2025-11-12,56.0,58.0,2.5,307050.0,TP,True,2
MORA,2025-11-11,2025-11-12,3250.0,3348.0,2.5,306013.0,TP,True,1
UANG,2025-11-11,2025-11-12,3380.0,3481.0,2.5,306013.0,TP,True,1
PGLI,2025-11-11,2025-11-12,400.0,392.0,-2.5,-306013.0,SL,False,1
RCCC,2025-11-11,2025-11-13,182.0,178.0,-2.5,-306013.0,SL,False,2
MORA,2025-11-12,2025-11-13,4060.0,4182.0,2.5,308568.0,TP,True,1
UANG,2025-11-12,2025-11-13,4220.0,4136.0,-2.5,-308568.0,SL,False,1
MIKA,2025-11-12,2025-11-13,2520.0,2596.0,2.5,308568.0,TP,True,1
MORA,2025-11-13,2025-11-14,5075.0,5227.0,2.5,308578.0,TP,True,1
SRAJ,2025-11-13,2025-11-14,13250.0,13648.0,2.5,308578.0,TP,True,1
ANJT,2025-11-13,2025-11-14,1990.0,1950.0,-2.5,-308578.0,SL,False,1
HEAL,2025-11-12,2025-11-17,1415.0,1430.0,0.56,69128.0,H+3,True,3
SILO,2025-11-13,2025-11-17,2450.0,2524.0,2.5,308578.0,TP,True,2
PGLI,2025-11-14,2025-11-17,392.0,384.0,-2.5,-309864.0,SL,False,1
RICY,2025-11-14,2025-11-17,57.0,59.0,2.5,309864.0,TP,True,1
PBSA,2025-11-14,2025-11-17,1280.0,1318.0,2.5,309864.0,TP,True,1
PBSA,2025-11-17,2025-11-18,1600.0,1568.0,-2.5,-312729.0,SL,False,1
PGLI,2025-11-17,2025-11-18,390.0,382.0,-2.5,-312729.0,SL,False,1
TIRA,2025-11-17,2025-11-18,1400.0,1372.0,-2.5,-312729.0,SL,False,1
IPOL,2025-11-17,2025-11-18,123.0,127.0,2.5,312729.0,TP,True,1
TNCA,2025-11-17,2025-11-18,226.0,221.0,-2.5,-312729.0,SL,False,1
SOHO,2025-11-18,2025-11-19,1495.0,1465.0,-2.5,-308820.0,SL,False,1
TCPI,2025-11-18,2025-11-19,7425.0,7276.0,-2.5,-308820.0,SL,False,1
PGLI,2025-11-18,2025-11-19,372.0,383.0,2.5,308820.0,TP,True,1
YELO,2025-11-18,2025-11-19,81.0,83.0,2.5,308820.0,TP,True,1
TINS,2025-11-18,2025-11-19,3050.0,3142.0,2.5,308820.0,TP,True,1
SOHO,2025-11-19,2025-11-20,1405.0,1447.0,2.5,310107.0,TP,True,1
TIFA,2025-11-19,2025-11-20,515.0,530.0,2.5,310107.0,TP,True,1
YELO,2025-11-19,2025-11-20,89.0,87.0,-2.5,-310107.0,SL,False,1
MGNA,2025-11-19,2025-11-20,79.0,81.0,2.5,310107.0,TP,True,1
PGLI,2025-11-19,2025-11-20,372.0,365.0,-2.5,-310107.0,SL,False,1
SOHO,2025-11-20,2025-11-21,1545.0,1591.0,2.5,311399.0,TP,True,1
VKTR,2025-11-20,2025-11-21,470.0,461.0,-2.5,-311399.0,SL,False,1
SOSS,2025-11-20,2025-11-21,860.0,886.0,2.5,311399.0,TP,True,1
TCPI,2025-11-20,2025-11-21,7550.0,7399.0,-2.5,-311399.0,SL,False,1
SRAJ,2025-11-20,2025-11-21,14300.0,14014.0,-2.5,-311399.0,SL,False,1
VKTR,2025-11-21,2025-11-24,478.0,492.0,2.5,310101.0,TP,True,1
SOHO,2025-11-21,2025-11-24,1695.0,1746.0,2.5,310101.0,TP,True,1
BULL,2025-11-21,2025-11-24,294.0,288.0,-2.5,-310101.0,SL,False,1
SAME,2025-11-21,2025-11-24,404.0,416.0,2.5,310101.0,TP,True,1
PGLI,2025-11-21,2025-11-24,350.0,343.0,-2.5,-310101.0,SL,False,1
PPGL,2025-11-24,2025-11-25,167.0,164.0,-2.5,-311393.0,SL,False,1
FOOD,2025-11-24,2025-11-25,326.0,319.0,-2.5,-311393.0,SL,False,1
NIRO,2025-11-24,2025-11-25,292.0,301.0,2.5,311393.0,TP,True,1
PKPK,2025-11-24,2025-11-25,850.0,876.0,2.5,311393.0,TP,True,1
TRIM,2025-11-24,2025-11-25,675.0,662.0,-2.5,-311393.0,SL,False,1
MLPT,2025-11-25,2025-11-26,72300.0,74469.0,2.5,310096.0,TP,True,1
DNAR,2025-11-25,2025-11-26,184.0,190.0,2.5,310096.0,TP,True,1
YELO,2025-11-25,2025-11-26,99.0,102.0,2.5,310096.0,TP,True,1
TCPI,2025-11-25,2025-11-27,7350.0,7570.0,2.5,310096.0,TP,True,2
YELO,2025-11-26,2025-11-27,108.0,106.0,-2.5,-313972.0,SL,False,1
WIIM,2025-11-26,2025-11-27,1790.0,1754.0,-2.5,-313972.0,SL,False,1
CMPP,2025-11-26,2025-11-27,85.0,88.0,2.5,313972.0,TP,True,1
MGNA,2025-11-25,2025-11-28,108.0,108.0,-0.5,-62019.0,H+3,False,3
SMMT,2025-11-27,2025-11-28,1435.0,1406.0,-2.5,-313956.0,SL,False,1
UANG,2025-11-27,2025-11-28,5475.0,5366.0,-2.5,-313956.0,SL,False,1
SOSS,2025-11-27,2025-11-28,850.0,876.0,2.5,313956.0,TP,True,1
FOOD,2025-11-27,2025-12-01,290.0,299.0,2.5,313956.0,TP,True,2
PTSP,2025-11-28,2025-12-01,1040.0,1019.0,-2.5,-312389.0,SL,False,1
WIIM,2025-11-28,2025-12-01,1880.0,1842.0,-2.5,-312389.0,SL,False,1
YELO,2025-11-28,2025-12-01,117.0,115.0,-2.5,-312389.0,SL,False,1
MORA,2025-12-01,2025-12-02,6675.0,6875.0,2.5,309793.0,TP,True,1
MCAS,2025-12-01,2025-12-02,655.0,642.0,-2.5,-309793.0,SL,False,1
MPXL,2025-12-01,2025-12-02,220.0,227.0,2.5,309793.0,TP,True,1
TRST,2025-12-01,2025-12-02,442.0,433.0,-2.5,-309793.0,SL,False,1
OMRE,2025-11-28,2025-12-03,434.0,447.0,2.5,312389.0,TP,True,3
MORA,2025-12-02,2025-12-03,7325.0,7545.0,2.5,309793.0,TP,True,1
SOHO,2025-12-02,2025-12-03,1335.0,1308.0,-2.5,-309793.0,SL,False,1
SMDM,2025-12-02,2025-12-03,820.0,845.0,2.5,309793.0,TP,True,1
YELO,2025-12-02,2025-12-04,128.0,125.0,-2.5,-309793.0,SL,False,2
MORA,2025-12-03,2025-12-04,8050.0,8292.0,2.5,312385.0,TP,True,1
IPOL,2025-12-03,2025-12-04,103.0,106.0,2.5,312385.0,TP,True,1
RICY,2025-12-03,2025-12-04,80.0,82.0,2.5,312385.0,TP,True,1
MORA,2025-12-04,2025-12-05,8850.0,9116.0,2.5,314999.0,TP,True,1
HDFA,2025-12-04,2025-12-05,145.0,142.0,-2.5,-314999.0,SL,False,1
MGNA,2025-12-04,2025-12-05,118.0,122.0,2.5,314999.0,TP,True,1
SMDM,2025-12-03,2025-12-08,845.0,870.0,2.5,312385.0,TP,True,3
RICY,2025-12-04,2025-12-08,85.0,88.0,2.5,314999.0,TP,True,2
MORA,2025-12-05,2025-12-08,9725.0,10017.0,2.5,316312.0,TP,True,1
MGNA,2025-12-05,2025-12-08,129.0,133.0,2.5,316312.0,TP,True,1
PPGL,2025-12-05,2025-12-08,121.0,119.0,-2.5,-316312.0,SL,False,1
MORA,2025-12-08,2025-12-09,10675.0,10995.0,2.5,320244.0,TP,True,1
MGNA,2025-12-08,2025-12-09,141.0,145.0,2.5,320244.0,TP,True,1
CARE,2025-12-08,2025-12-09,510.0,525.0,2.5,320244.0,TP,True,1
KIOS,2025-12-08,2025-12-09,132.0,136.0,2.5,320244.0,TP,True,1
SOSS,2025-12-08,2025-12-10,800.0,784.0,-2.5,-320244.0,SL,False,2
MORA,2025-12-09,2025-12-10,11725.0,12077.0,2.5,325581.0,TP,True,1
MGNA,2025-12-09,2025-12-10,155.0,160.0,2.5,325581.0,TP,True,1
FOOD,2025-12-09,2025-12-10,478.0,468.0,-2.5,-325581.0,SL,False,1
SIPD,2025-12-09,2025-12-10,895.0,877.0,-2.5,-325581.0,SL,False,1
MGNA,2025-12-10,2025-12-11,170.0,167.0,-2.5,-324247.0,SL,False,1
PTIS,2025-12-10,2025-12-11,354.0,365.0,2.5,324247.0,TP,True,1
UNSP,2025-12-10,2025-12-11,270.0,278.0,2.5,324247.0,TP,True,1
KIOS,2025-12-10,2025-12-12,214.0,220.0,2.5,324247.0,TP,True,2
DSNG,2025-12-11,2025-12-12,1380.0,1421.0,2.5,325598.0,TP,True,1
PGLI,2025-12-11,2025-12-12,302.0,296.0,-2.5,-325598.0,SL,False,1
LSIP,2025-12-11,2025-12-12,1115.0,1148.0,2.5,325598.0,TP,True,1
CARE,2025-12-10,2025-12-15,580.0,597.0,2.5,324247.0,TP,True,3
UNSP,2025-12-12,2025-12-15,318.0,328.0,2.5,328305.0,TP,True,1
SAFE,2025-12-12,2025-12-15,418.0,410.0,-2.5,-328305.0,SL,False,1
NRCA,2025-12-12,2025-12-15,1965.0,2024.0,2.5,328305.0,TP,True,1
VKTR,2025-12-12,2025-12-15,680.0,700.0,2.5,328305.0,TP,True,1
UNSP,2025-12-15,2025-12-16,348.0,358.0,2.5,332392.0,TP,True,1
COCO,2025-12-15,2025-12-16,322.0,332.0,2.5,332392.0,TP,True,1
SIPD,2025-12-15,2025-12-16,1070.0,1102.0,2.5,332392.0,TP,True,1
UANG,2025-12-15,2025-12-16,4500.0,4635.0,2.5,332392.0,TP,True,1
PTIS,2025-12-15,2025-12-17,344.0,354.0,2.5,332392.0,TP,True,2
VIVA,2025-12-16,2025-12-17,52.0,54.0,2.5,337932.0,TP,True,1
SIPD,2025-12-16,2025-12-17,1175.0,1210.0,2.5,337932.0,TP,True,1
INET,2025-12-16,2025-12-17,750.0,772.0,2.5,337932.0,TP,True,1
UNSP,2025-12-16,2025-12-18,382.0,393.0,2.5,337932.0,TP,True,2
SIPD,2025-12-17,2025-12-18,1285.0,1324.0,2.5,343541.0,TP,True,1
CASS,2025-12-17,2025-12-18,2600.0,2548.0,-2.5,-343541.0,SL,False,1
MRAT,2025-12-17,2025-12-18,695.0,681.0,-2.5,-343541.0,SL,False,1
BULL,2025-12-17,2025-12-18,404.0,396.0,-2.5,-343541.0,SL,False,1
VIVA,2025-12-18,2025-12-19,60.0,59.0,-2.5,-342087.0,SL,False,1
PGLI,2025-12-18,2025-12-19,204.0,210.0,2.5,342087.0,TP,True,1
WIFI,2025-12-18,2025-12-19,3320.0,3254.0,-2.5,-342087.0,SL,False,1
PDES,2025-12-18,2025-12-19,570.0,559.0,-2.5,-342087.0,SL,False,1
ENRG,2025-12-18,2025-12-19,1425.0,1396.0,-2.5,-342087.0,SL,False,1
COCO,2025-12-19,2025-12-22,316.0,325.0,2.5,337810.0,TP,True,1
LINK,2025-12-19,2025-12-22,3610.0,3538.0,-2.5,-337810.0,SL,False,1
RICY,2025-12-19,2025-12-22,105.0,103.0,-2.5,-337810.0,SL,False,1
INET,2025-12-19,2025-12-22,725.0,710.0,-2.5,-337810.0,SL,False,1
WIFI,2025-12-19,2025-12-22,3270.0,3205.0,-2.5,-337810.0,SL,False,1
KICI,2025-12-22,2025-12-23,210.0,206.0,-2.5,-333588.0,SL,False,1
LINK,2025-12-22,2025-12-23,3500.0,3605.0,2.5,333588.0,TP,True,1
PEGE,2025-12-22,2025-12-23,236.0,231.0,-2.5,-333588.0,SL,False,1
SCMA,2025-12-22,2025-12-23,340.0,333.0,-2.5,-333588.0,SL,False,1
VICI,2025-12-22,2025-12-23,645.0,664.0,2.5,333588.0,TP,True,1
KICI,2025-12-23,2025-12-24,199.0,205.0,2.5,332198.0,TP,True,1
DEFI,2025-12-23,2025-12-24,226.0,233.0,2.5,332198.0,TP,True,1
MORA,2025-12-23,2025-12-24,9800.0,10094.0,2.5,332198.0,TP,True,1
MTLA,2025-12-23,2025-12-24,535.0,524.0,-2.5,-332198.0,SL,False,1
VICI,2025-12-23,2025-12-24,665.0,685.0,2.5,332198.0,TP,True,1
DEFI,2025-12-24,2025-12-29,248.0,255.0,2.5,336350.0,TP,True,1
VKTR,2025-12-24,2025-12-29,785.0,809.0,2.5,336350.0,TP,True,1
MMLP,2025-12-24,2025-12-29,530.0,519.0,-2.5,-336350.0,SL,False,1
IMJS,2025-12-24,2025-12-29,250.0,258.0,2.5,336350.0,TP,True,1
LINK,2025-12-24,2025-12-29,3710.0,3821.0,2.5,336350.0,TP,True,1
DEFI,2025-12-29,2025-12-30,272.0,280.0,2.5,340555.0,TP,True,1
MMLP,2025-12-29,2025-12-30,500.0,515.0,2.5,340555.0,TP,True,1
FOOD,2025-12-29,2025-12-30,322.0,332.0,2.5,340555.0,TP,True,1
NRCA,2025-12-29,2026-01-02,1525.0,1571.0,2.5,340555.0,TP,True,2
PICO,2025-12-29,2026-01-02,204.0,210.0,2.5,340555.0,TP,True,2
DEFI,2025-12-30,2026-01-02,298.0,307.0,2.5,344812.0,TP,True,1
GDYR,2025-12-30,2026-01-02,885.0,912.0,2.5,344812.0,TP,True,1
INET,2025-12-30,2026-01-02,467.0,481.0,2.5,344812.0,TP,True,1
DEFI,2026-01-02,2026-01-05,326.0,336.0,2.5,351960.0,TP,True,1
INET,2026-01-02,2026-01-05,473.0,487.0,2.5,351960.0,TP,True,1
MORA,2026-01-02,2026-01-05,11925.0,11686.0,-2.5,-351960.0,SL,False,1
HDFA,2026-01-02,2026-01-05,120.0,118.0,-2.5,-351960.0,SL,False,1
VKTR,2026-01-02,2026-01-05,990.0,970.0,-2.5,-351960.0,SL,False,1
DEFI,2026-01-05,2026-01-06,406.0,398.0,-2.5,-350493.0,SL,False,1
HDFA,2026-01-05,2026-01-06,118.0,122.0,2.5,350493.0,TP,True,1
MORA,2026-01-05,2026-01-06,11900.0,12257.0,2.5,350493.0,TP,True,1
DSSA,2026-01-05,2026-01-06,3884.0,3806.0,-2.5,-350493.0,SL,False,1
MMLP,2026-01-05,2026-01-06,510.0,525.0,2.5,350493.0,TP,True,1
MORA,2026-01-06,2026-01-07,12525.0,12274.0,-2.5,-351954.0,SL,False,1
BIPI,2026-01-06,2026-01-07,167.0,164.0,-2.5,-351954.0,SL,False,1
PPGL,2026-01-06,2026-01-07,226.0,221.0,-2.5,-351954.0,SL,False,1
GIAA,2026-01-06,2026-01-07,89.0,87.0,-2.5,-351954.0,SL,False,1
VIVA,2026-01-06,2026-01-08,60.0,59.0,-2.5,-351954.0,SL,False,2
MDRN,2026-01-07,2026-01-08,62.0,64.0,2.5,346088.0,TP,True,1
GIAA,2026-01-07,2026-01-08,82.0,84.0,2.5,346088.0,TP,True,1
LAND,2026-01-07,2026-01-08,68.0,67.0,-2.5,-346088.0,SL,False,1
MORA,2026-01-07,2026-01-08,12100.0,11858.0,-2.5,-346088.0,SL,False,1
MDRN,2026-01-08,2026-01-09,68.0,70.0,2.5,344621.0,TP,True,1
KIJA,2026-01-08,2026-01-09,312.0,321.0,2.5,344621.0,TP,True,1
BLTA,2026-01-08,2026-01-09,60.0,59.0,-2.5,-344621.0,SL,False,1
PDES,2026-01-08,2026-01-09,550.0,566.0,2.5,344621.0,TP,True,1
PPGL,2026-01-08,2026-01-12,272.0,280.0,2.5,344621.0,TP,True,2
MDRN,2026-01-09,2026-01-12,74.0,76.0,2.5,347493.0,TP,True,1
UNSP,2026-01-09,2026-01-12,478.0,492.0,2.5,347493.0,TP,True,1
SIPD,2026-01-09,2026-01-12,1455.0,1499.0,2.5,347493.0,TP,True,1
YELO,2026-01-09,2026-01-12,135.0,132.0,-2.5,-347493.0,SL,False,1
NRCA,2026-01-12,2026-01-13,1180.0,1156.0,-2.5,-351825.0,SL,False,1
MPXL,2026-01-12,2026-01-13,182.0,178.0,-2.5,-351825.0,SL,False,1
FOOD,2026-01-12,2026-01-13,308.0,302.0,-2.5,-351825.0,SL,False,1
MDRN,2026-01-12,2026-01-13,81.0,83.0,2.5,351825.0,TP,True,1
INET,2026-01-12,2026-01-13,490.0,505.0,2.5,351825.0,TP,True,1
UNSP,2026-01-13,2026-01-14,565.0,582.0,2.5,350359.0,TP,True,1
SOHO,2026-01-13,2026-01-14,2570.0,2647.0,2.5,350359.0,TP,True,1
MPXL,2026-01-13,2026-01-14,178.0,183.0,2.5,350359.0,TP,True,1
FOOD,2026-01-13,2026-01-14,286.0,295.0,2.5,350359.0,TP,True,1
VIVA,2026-01-13,2026-01-14,70.0,72.0,2.5,350359.0,TP,True,1
SOHO,2026-01-14,2026-01-15,3210.0,3306.0,2.5,357658.0,TP,True,1
VIVA,2026-01-14,2026-01-15,77.0,79.0,2.5,357658.0,TP,True,1
RBMS,2026-01-14,2026-01-15,62.0,64.0,2.5,357658.0,TP,True,1
LAND,2026-01-14,2026-01-15,92.0,90.0,-2.5,-357658.0,SL,False,1
INDS,2026-01-14,2026-01-19,555.0,544.0,-2.5,-357658.0,SL,False,2
MBSS,2026-01-15,2026-01-19,2630.0,2577.0,-2.5,-360639.0,SL,False,1
PKPK,2026-01-15,2026-01-19,1965.0,2024.0,2.5,360639.0,TP,True,1
MPXL,2026-01-15,2026-01-19,178.0,174.0,-2.5,-360639.0,SL,False,1
PBRX,2026-01-15,2026-01-19,61.0,63.0,2.5,360639.0,TP,True,1
KIOS,2026-01-19,2026-01-20,198.0,194.0,-2.5,-359148.0,SL,False,1
PKPK,2026-01-19,2026-01-20,2160.0,2225.0,2.5,359148.0,TP,True,1
TFCO,2026-01-19,2026-01-20,665.0,685.0,2.5,359148.0,TP,True,1
MBSS,2026-01-19,2026-01-20,2730.0,2675.0,-2.5,-359148.0,SL,False,1
PBRX,2026-01-19,2026-01-20,67.0,66.0,-2.5,-359148.0,SL,False,1
PKPK,2026-01-20,2026-01-21,2360.0,2313.0,-2.5,-357652.0,SL,False,1
TFCO,2026-01-20,2026-01-21,730.0,752.0,2.5,357652.0,TP,True,1
KIOS,2026-01-20,2026-01-21,181.0,177.0,-2.5,-357652.0,SL,False,1
NSSS,2026-01-20,2026-01-21,1375.0,1416.0,2.5,357652.0,TP,True,1
YELO,2026-01-20,2026-01-21,119.0,117.0,-2.5,-357652.0,SL,False,1
TFCO,2026-01-21,2026-01-22,800.0,824.0,2.5,356162.0,TP,True,1
NSSS,2026-01-21,2026-01-22,1510.0,1555.0,2.5,356162.0,TP,True,1
PKPK,2026-01-21,2026-01-22,2400.0,2472.0,2.5,356162.0,TP,True,1
DGIK,2026-01-21,2026-01-22,145.0,142.0,-2.5,-356162.0,SL,False,1
PBSA,2026-01-21,2026-01-23,2690.0,2636.0,-2.5,-356162.0,SL,False,2
TFCO,2026-01-22,2026-01-23,880.0,906.0,2.5,359130.0,TP,True,1
NSSS,2026-01-22,2026-01-23,1660.0,1627.0,-2.5,-359130.0,SL,False,1
INDO,2026-01-22,2026-01-23,500.0,490.0,-2.5,-359130.0,SL,False,1
MORA,2026-01-22,2026-01-23,13575.0,13304.0,-2.5,-359130.0,SL,False,1
TFCO,2026-01-23,2026-01-26,965.0,994.0,2.5,354653.0,TP,True,1
NSSS,2026-01-23,2026-01-26,1820.0,1875.0,2.5,354653.0,TP,True,1
MBSS,2026-01-23,2026-01-26,2220.0,2176.0,-2.5,-354653.0,SL,False,1
YELO,2026-01-23,2026-01-26,90.0,88.0,-2.5,-354653.0,SL,False,1
FOOD,2026-01-23,2026-01-26,262.0,270.0,2.5,354653.0,TP,True,1
NSSS,2026-01-26,2026-01-27,1990.0,2050.0,2.5,356131.0,TP,True,1
TFCO,2026-01-26,2026-01-27,1060.0,1092.0,2.5,356131.0,TP,True,1
KIOS,2026-01-26,2026-01-27,141.0,138.0,-2.5,-356131.0,SL,False,1
MBSS,2026-01-26,2026-01-27,2170.0,2127.0,-2.5,-356131.0,SL,False,1
DEFI,2026-01-26,2026-01-27,242.0,237.0,-2.5,-356131.0,SL,False,1
NSSS,2026-01-27,2026-01-28,2180.0,2136.0,-2.5,-354647.0,SL,False,1
TFCO,2026-01-27,2026-01-28,1165.0,1142.0,-2.5,-354647.0,SL,False,1
ASII,2026-01-27,2026-01-28,6300.0,6174.0,-2.5,-354647.0,SL,False,1
KLBF,2026-01-27,2026-01-28,1135.0,1112.0,-2.5,-354647.0,SL,False,1
NIRO,2026-01-27,2026-01-28,308.0,302.0,-2.5,-354647.0,SL,False,1
ZYRX,2026-01-28,2026-01-29,147.0,144.0,-2.5,-347258.0,SL,False,1
PYFA,2026-01-28,2026-01-29,388.0,380.0,-2.5,-347258.0,SL,False,1
MKTR,2026-01-28,2026-01-29,131.0,128.0,-2.5,-347258.0,SL,False,1
OILS,2026-01-28,2026-01-29,196.0,192.0,-2.5,-347258.0,SL,False,1
DNAR,2026-01-28,2026-01-29,149.0,146.0,-2.5,-347258.0,SL,False,1
KOBX,2026-01-29,2026-01-30,159.0,164.0,2.5,340024.0,TP,True,1
LRNA,2026-01-29,2026-01-30,197.0,193.0,-2.5,-340024.0,SL,False,1
NIRO,2026-01-29,2026-01-30,240.0,247.0,2.5,340024.0,TP,True,1
DMMX,2026-01-29,2026-01-30,278.0,286.0,2.5,340024.0,TP,True,1
LUCK,2026-01-29,2026-01-30,118.0,116.0,-2.5,-340024.0,SL,False,1
TIRA,2026-01-30,2026-02-02,1125.0,1102.0,-2.5,-341440.0,SL,False,1
ASII,2026-01-30,2026-02-02,6350.0,6223.0,-2.5,-341440.0,SL,False,1
OMRE,2026-01-30,2026-02-02,690.0,711.0,2.5,341440.0,TP,True,1
SOSS,2026-01-30,2026-02-02,840.0,823.0,-2.5,-341440.0,SL,False,1
KOIN,2026-01-30,2026-02-03,82.0,80.0,-2.5,-341440.0,SL,False,2
SCMA,2026-02-02,2026-02-03,214.0,210.0,-2.5,-338595.0,SL,False,1
LUCK,2026-02-02,2026-02-03,106.0,104.0,-2.5,-338595.0,SL,False,1
SMDM,2026-02-02,2026-02-03,640.0,659.0,2.5,338595.0,TP,True,1
PEGE,2026-02-02,2026-02-03,202.0,198.0,-2.5,-338595.0,SL,False,1
KIOS,2026-02-03,2026-02-04,112.0,110.0,-2.5,-334351.0,SL,False,1
LINK,2026-02-03,2026-02-04,1815.0,1869.0,2.5,334351.0,TP,True,1
INDS,2026-02-03,2026-02-04,815.0,839.0,2.5,334351.0,TP,True,1
SONA,2026-02-03,2026-02-04,2030.0,1989.0,-2.5,-334351.0,SL,False,1
SIPD,2026-02-03,2026-02-04,1345.0,1318.0,-2.5,-334351.0,SL,False,1
INDS,2026-02-04,2026-02-05,895.0,922.0,2.5,332958.0,TP,True,1
FOOD,2026-02-04,2026-02-05,208.0,214.0,2.5,332958.0,TP,True,1
BIPI,2026-02-04,2026-02-05,136.0,133.0,-2.5,-332958.0,SL,False,1
SIPD,2026-02-04,2026-02-05,1300.0,1274.0,-2.5,-332958.0,SL,False,1
TIFA,2026-02-04,2026-02-05,350.0,343.0,-2.5,-332958.0,SL,False,1
INDS,2026-02-05,2026-02-06,980.0,1009.0,2.5,331570.0,TP,True,1
COCO,2026-02-05,2026-02-06,270.0,265.0,-2.5,-331570.0,SL,False,1
MOLI,2026-02-05,2026-02-06,244.0,239.0,-2.5,-331570.0,SL,False,1
BIPI,2026-02-05,2026-02-06,141.0,138.0,-2.5,-331570.0,SL,False,1
LUCK,2026-02-05,2026-02-06,109.0,107.0,-2.5,-331570.0,SL,False,1
INDS,2026-02-06,2026-02-09,1075.0,1107.0,2.5,327426.0,TP,True,1
MBSS,2026-02-06,2026-02-09,1685.0,1736.0,2.5,327426.0,TP,True,1
MLPL,2026-02-06,2026-02-09,108.0,111.0,2.5,327426.0,TP,True,1
SAFE,2026-02-06,2026-02-09,350.0,360.0,2.5,327426.0,TP,True,1
KIJA,2026-02-06,2026-02-09,199.0,195.0,-2.5,-327426.0,SL,False,1
INDS,2026-02-09,2026-02-10,1180.0,1215.0,2.5,331519.0,TP,True,1
MLPT,2026-02-09,2026-02-10,33650.0,34660.0,2.5,331519.0,TP,True,1
GZCO,2026-02-09,2026-02-10,190.0,196.0,2.5,331519.0,TP,True,1
BIPI,2026-02-09,2026-02-10,131.0,135.0,2.5,331519.0,TP,True,1
PICO,2026-02-09,2026-02-10,150.0,154.0,2.5,331519.0,TP,True,1
INDS,2026-02-10,2026-02-11,1295.0,1334.0,2.5,338425.0,TP,True,1
EXCL,2026-02-10,2026-02-11,2900.0,2987.0,2.5,338425.0,TP,True,1
RICY,2026-02-10,2026-02-11,76.0,78.0,2.5,338425.0,TP,True,1
MORA,2026-02-10,2026-02-11,6150.0,6334.0,2.5,338425.0,TP,True,1
KOIN,2026-02-10,2026-02-12,83.0,81.0,-2.5,-338425.0,SL,False,2
INDS,2026-02-11,2026-02-12,1420.0,1392.0,-2.5,-344066.0,SL,False,1
UNSP,2026-02-11,2026-02-12,274.0,282.0,2.5,344066.0,TP,True,1
KIOS,2026-02-11,2026-02-12,129.0,133.0,2.5,344066.0,TP,True,1
NSSS,2026-02-11,2026-02-12,895.0,877.0,-2.5,-344066.0,SL,False,1
INDS,2026-02-12,2026-02-13,1775.0,1828.0,2.5,342656.0,TP,True,1
FOOD,2026-02-12,2026-02-13,276.0,284.0,2.5,342656.0,TP,True,1
MORA,2026-02-12,2026-02-13,6875.0,6738.0,-2.5,-342656.0,SL,False,1
MGNA,2026-02-12,2026-02-13,179.0,184.0,2.5,342656.0,TP,True,1
UNSP,2026-02-12,2026-02-13,300.0,309.0,2.5,342656.0,TP,True,1
INDS,2026-02-13,2026-02-18,2210.0,2166.0,-2.5,-346939.0,SL,False,1
UNSP,2026-02-13,2026-02-18,330.0,340.0,2.5,346939.0,TP,True,1
NSSS,2026-02-13,2026-02-18,865.0,891.0,2.5,346939.0,TP,True,1
KPIG,2026-02-13,2026-02-18,156.0,153.0,-2.5,-346939.0,SL,False,1
LAND,2026-02-13,2026-02-18,71.0,73.0,2.5,346939.0,TP,True,1
INDS,2026-02-18,2026-02-19,2760.0,2705.0,-2.5,-348384.0,SL,False,1
UNSP,2026-02-18,2026-02-19,362.0,355.0,-2.5,-348384.0,SL,False,1
MDKA,2026-02-18,2026-02-19,3290.0,3389.0,2.5,348384.0,TP,True,1
OMRE,2026-02-18,2026-02-19,785.0,769.0,-2.5,-348384.0,SL,False,1
LAND,2026-02-18,2026-02-19,78.0,76.0,-2.5,-348384.0,SL,False,1
RODA,2026-02-19,2026-02-20,69.0,71.0,2.5,344030.0,TP,True,1
BIPI,2026-02-19,2026-02-20,244.0,239.0,-2.5,-344030.0,SL,False,1
TFCO,2026-02-19,2026-02-20,765.0,788.0,2.5,344030.0,TP,True,1
OMRE,2026-02-19,2026-02-23,790.0,774.0,-2.5,-344030.0,SL,False,2
RODA,2026-02-20,2026-02-23,74.0,76.0,2.5,345463.0,TP,True,1
PPGL,2026-02-20,2026-02-23,232.0,227.0,-2.5,-345463.0,SL,False,1
SKBM,2026-02-20,2026-02-23,855.0,881.0,2.5,345463.0,TP,True,1
UNTR,2026-02-19,2026-02-24,30275.0,30800.0,1.23,169827.0,H+3,True,3
KPIG,2026-02-23,2026-02-24,124.0,122.0,-2.5,-345469.0,SL,False,1
PPGL,2026-02-23,2026-02-24,216.0,212.0,-2.5,-345469.0,SL,False,1
SKBM,2026-02-23,2026-02-24,1065.0,1044.0,-2.5,-345469.0,SL,False,1
SGRO,2026-02-23,2026-02-24,5825.0,5708.0,-2.5,-345469.0,SL,False,1
KPIG,2026-02-24,2026-02-25,121.0,119.0,-2.5,-340419.0,SL,False,1
SGRO,2026-02-24,2026-02-25,5525.0,5414.0,-2.5,-340419.0,SL,False,1
GGRM,2026-02-24,2026-02-25,15700.0,16171.0,2.5,340419.0,TP,True,1
RODA,2026-02-24,2026-02-25,84.0,87.0,2.5,340419.0,TP,True,1
UNTR,2026-02-24,2026-02-26,30800.0,30184.0,-2.5,-340419.0,SL,False,2
KPIG,2026-02-25,2026-02-26,117.0,121.0,2.5,340419.0,TP,True,1
TFCO,2026-02-25,2026-02-26,950.0,978.0,2.5,340419.0,TP,True,1
SGRO,2026-02-25,2026-02-26,5750.0,5922.0,2.5,340419.0,TP,True,1
OMRE,2026-02-25,2026-02-26,850.0,876.0,2.5,340419.0,TP,True,1
OMRE,2026-02-26,2026-02-27,905.0,932.0,2.5,344674.0,TP,True,1
DNAR,2026-02-26,2026-02-27,138.0,142.0,2.5,344674.0,TP,True,1
SGRO,2026-02-26,2026-02-27,5875.0,5758.0,-2.5,-344674.0,SL,False,1
PEGE,2026-02-26,2026-02-27,197.0,193.0,-2.5,-344674.0,SL,False,1
SMGR,2026-02-26,2026-03-02,2890.0,2832.0,-2.5,-344674.0,SL,False,2
OMRE,2026-02-27,2026-03-02,995.0,975.0,-2.5,-344674.0,SL,False,1
INDS,2026-02-27,2026-03-02,1230.0,1205.0,-2.5,-344674.0,SL,False,1
SGRO,2026-02-27,2026-03-02,6000.0,5880.0,-2.5,-344674.0,SL,False,1
DMMX,2026-03-02,2026-03-03,258.0,266.0,2.5,338929.0,TP,True,1
LRNA,2026-03-02,2026-03-03,197.0,203.0,2.5,338929.0,TP,True,1
DEFI,2026-03-02,2026-03-03,113.0,111.0,-2.5,-338929.0,SL,False,1
RAAM,2026-03-02,2026-03-03,206.0,202.0,-2.5,-338929.0,SL,False,1
TFCO,2026-02-27,2026-03-04,1045.0,1045.0,-0.5,-68935.0,H+3,False,3
PEGE,2026-03-03,2026-03-04,177.0,173.0,-2.5,-338929.0,SL,False,1
TALF,2026-03-03,2026-03-04,545.0,534.0,-2.5,-338929.0,SL,False,1
RANC,2026-03-03,2026-03-04,600.0,588.0,-2.5,-338929.0,SL,False,1
SOHO,2026-03-03,2026-03-04,2470.0,2421.0,-2.5,-338929.0,SL,False,1
MIDI,2026-03-04,2026-03-05,264.0,272.0,2.5,332993.0,TP,True,1
PSDN,2026-03-04,2026-03-05,102.0,105.0,2.5,332993.0,TP,True,1
TRJA,2026-03-04,2026-03-05,139.0,136.0,-2.5,-332993.0,SL,False,1
WEGE,2026-03-04,2026-03-05,56.0,58.0,2.5,332993.0,TP,True,1
HDFA,2026-03-05,2026-03-06,101.0,99.0,-2.5,-335768.0,SL,False,1
INDS,2026-03-05,2026-03-06,795.0,779.0,-2.5,-335768.0,SL,False,1
KIJA,2026-03-05,2026-03-06,174.0,171.0,-2.5,-335768.0,SL,False,1
TPIA,2026-03-05,2026-03-06,5375.0,5536.0,2.5,335768.0,TP,True,1
CMPP,2026-03-04,2026-03-09,82.0,84.0,2.5,332993.0,TP,True,3
RANC,2026-03-06,2026-03-09,530.0,519.0,-2.5,-332970.0,SL,False,1
FISH,2026-03-06,2026-03-09,740.0,725.0,-2.5,-332970.0,SL,False,1
WIFI,2026-03-06,2026-03-09,2100.0,2058.0,-2.5,-332970.0,SL,False,1
INKP,2026-03-06,2026-03-09,9200.0,9016.0,-2.5,-332970.0,SL,False,1
ASRI,2026-03-09,2026-03-10,127.0,131.0,2.5,328808.0,TP,True,1
GSMF,2026-03-09,2026-03-10,86.0,89.0,2.5,328808.0,TP,True,1
KICI,2026-03-09,2026-03-10,166.0,171.0,2.5,328808.0,TP,True,1
MKTR,2026-03-09,2026-03-10,118.0,122.0,2.5,328808.0,TP,True,1
LRNA,2026-03-09,2026-03-10,175.0,180.0,2.5,328808.0,TP,True,1
UANG,2026-03-10,2026-03-11,3450.0,3554.0,2.5,335658.0,TP,True,1
DMMX,2026-03-10,2026-03-11,198.0,204.0,2.5,335658.0,TP,True,1
TRJA,2026-03-10,2026-03-11,126.0,123.0,-2.5,-335658.0,SL,False,1
WEHA,2026-03-10,2026-03-11,127.0,124.0,-2.5,-335658.0,SL,False,1
PGAS,2026-03-10,2026-03-12,1970.0,1931.0,-2.5,-335658.0,SL,False,2
CASS,2026-03-11,2026-03-12,2010.0,2070.0,2.5,335658.0,TP,True,1
GSMF,2026-03-11,2026-03-12,84.0,87.0,2.5,335658.0,TP,True,1
SOCI,2026-03-11,2026-03-12,510.0,500.0,-2.5,-335658.0,SL,False,1
GWSA,2026-03-11,2026-03-13,145.0,142.0,-2.5,-335658.0,SL,False,2
RCCC,2026-03-12,2026-03-13,115.0,113.0,-2.5,-335658.0,SL,False,1
TIFA,2026-03-12,2026-03-13,328.0,338.0,2.5,335658.0,TP,True,1
VICI,2026-03-12,2026-03-13,535.0,524.0,-2.5,-335658.0,SL,False,1
PYFA,2026-03-12,2026-03-13,322.0,316.0,-2.5,-335658.0,SL,False,1
LPKR,2026-03-13,2026-03-16,77.0,75.0,-2.5,-331463.0,SL,False,1
FIRE,2026-03-13,2026-03-16,134.0,131.0,-2.5,-331463.0,SL,False,1
RUIS,2026-03-13,2026-03-16,222.0,218.0,-2.5,-331463.0,SL,False,1
OKAS,2026-03-13,2026-03-16,96.0,99.0,2.5,331463.0,TP,True,1
UNSP,2026-03-13,2026-03-16,250.0,245.0,-2.5,-331463.0,SL,False,1
LPKR,2026-03-16,2026-03-17,73.0,75.0,2.5,327319.0,TP,True,1
NELY,2026-03-16,2026-03-17,326.0,319.0,-2.5,-327319.0,SL,False,1
NIKL,2026-03-16,2026-03-17,270.0,265.0,-2.5,-327319.0,SL,False,1
KIOS,2026-03-16,2026-03-17,94.0,97.0,2.5,327319.0,TP,True,1
MDRN,2026-03-16,2026-03-25,51.0,53.0,2.5,327319.0,TP,True,2
SOCI,2026-03-17,2026-03-25,416.0,408.0,-2.5,-327319.0,SL,False,1
TPIA,2026-03-17,2026-03-25,5125.0,5279.0,2.5,327319.0,TP,True,1
MLPT,2026-03-17,2026-03-25,15200.0,15656.0,2.5,327319.0,TP,True,1
NASI,2026-03-17,2026-03-25,129.0,133.0,2.5,327319.0,TP,True,1
SOHO,2026-03-25,2026-03-26,1635.0,1602.0,-2.5,-331411.0,SL,False,1
CMPP,2026-03-25,2026-03-26,80.0,82.0,2.5,331411.0,TP,True,1
FORU,2026-03-25,2026-03-26,1090.0,1123.0,2.5,331411.0,TP,True,1
LUCK,2026-03-25,2026-03-26,94.0,97.0,2.5,331411.0,TP,True,1
BBNI,2026-03-25,2026-03-27,4040.0,3959.0,-2.5,-331411.0,SL,False,2
HRTA,2026-03-26,2026-03-27,2350.0,2420.0,2.5,334173.0,TP,True,1
TCPI,2026-03-26,2026-03-27,11000.0,10780.0,-2.5,-334173.0,SL,False,1
TINS,2026-03-26,2026-03-27,3160.0,3097.0,-2.5,-334173.0,SL,False,1
MLPT,2026-03-26,2026-03-30,14450.0,14161.0,-2.5,-334173.0,SL,False,2
PBSA,2026-03-27,2026-03-30,1075.0,1054.0,-2.5,-331399.0,SL,False,1
TINS,2026-03-27,2026-03-30,3170.0,3107.0,-2.5,-331399.0,SL,False,1
INCO,2026-03-27,2026-03-30,5350.0,5243.0,-2.5,-331399.0,SL,False,1
KMTR,2026-03-27,2026-03-30,248.0,255.0,2.5,331399.0,TP,True,1
INCO,2026-03-30,2026-03-31,5100.0,5253.0,2.5,327245.0,TP,True,1
KOBX,2026-03-30,2026-03-31,132.0,136.0,2.5,327245.0,TP,True,1
HRTA,2026-03-30,2026-03-31,2200.0,2156.0,-2.5,-327245.0,SL,False,1
FOOD,2026-03-30,2026-04-01,202.0,198.0,-2.5,-327245.0,SL,False,2
MDRN,2026-03-30,2026-04-01,51.0,53.0,2.5,327245.0,TP,True,2
ASSA,2026-03-31,2026-04-01,775.0,798.0,2.5,328609.0,TP,True,1
PEGE,2026-03-31,2026-04-01,127.0,131.0,2.5,328609.0,TP,True,1
HRTA,2026-03-31,2026-04-01,2180.0,2245.0,2.5,328609.0,TP,True,1
BBLD,2026-04-01,2026-04-02,785.0,769.0,-2.5,-332716.0,SL,False,1
RCCC,2026-04-01,2026-04-02,106.0,104.0,-2.5,-332716.0,SL,False,1
PPRE,2026-04-01,2026-04-02,115.0,113.0,-2.5,-332716.0,SL,False,1
DEFI,2026-04-01,2026-04-02,69.0,68.0,-2.5,-332716.0,SL,False,1
GIAA,2026-04-01,2026-04-02,70.0,69.0,-2.5,-332716.0,SL,False,1
PSDN,2026-04-02,2026-04-06,118.0,116.0,-2.5,-325785.0,SL,False,1
NSSS,2026-04-02,2026-04-06,800.0,784.0,-2.5,-325785.0,SL,False,1
PTRO,2026-04-02,2026-04-06,4300.0,4214.0,-2.5,-325785.0,SL,False,1
NELY,2026-04-02,2026-04-06,332.0,342.0,2.5,325785.0,TP,True,1
BYAN,2026-04-02,2026-04-06,10650.0,10437.0,-2.5,-325785.0,SL,False,1
PTPP,2026-04-06,2026-04-07,250.0,245.0,-2.5,-321713.0,SL,False,1
FISH,2026-04-06,2026-04-07,720.0,706.0,-2.5,-321713.0,SL,False,1
BBLD,2026-04-06,2026-04-07,725.0,710.0,-2.5,-321713.0,SL,False,1
BYAN,2026-04-06,2026-04-07,10025.0,10326.0,2.5,321713.0,TP,True,1
LPCK,2026-04-06,2026-04-08,605.0,593.0,-2.5,-321713.0,SL,False,2
KKGI,2026-04-07,2026-04-08,306.0,315.0,2.5,319032.0,TP,True,1
FOOD,2026-04-07,2026-04-08,189.0,195.0,2.5,319032.0,TP,True,1
PTPP,2026-04-07,2026-04-08,246.0,253.0,2.5,319032.0,TP,True,1
ADHI,2026-04-07,2026-04-08,175.0,180.0,2.5,319032.0,TP,True,1
NSSS,2026-04-08,2026-04-09,700.0,686.0,-2.5,-323008.0,SL,False,1
RCCC,2026-04-08,2026-04-09,101.0,99.0,-2.5,-323008.0,SL,False,1
DSSA,2026-04-08,2026-04-09,2680.0,2626.0,-2.5,-323008.0,SL,False,1
SOHO,2026-04-08,2026-04-09,1990.0,1950.0,-2.5,-323008.0,SL,False,1
INET,2026-04-09,2026-04-10,278.0,286.0,2.5,317625.0,TP,True,1
MLPT,2026-04-09,2026-04-10,15100.0,15553.0,2.5,317625.0,TP,True,1
NSSS,2026-04-09,2026-04-10,705.0,726.0,2.5,317625.0,TP,True,1
FIRE,2026-04-09,2026-04-10,148.0,152.0,2.5,317625.0,TP,True,1
KKGI,2026-04-08,2026-04-13,310.0,319.0,2.5,323008.0,TP,True,3
MLPT,2026-04-10,2026-04-13,18100.0,17738.0,-2.5,-322919.0,SL,False,1
PTRO,2026-04-10,2026-04-13,5375.0,5268.0,-2.5,-322919.0,SL,False,1
MORA,2026-04-10,2026-04-13,4720.0,4626.0,-2.5,-322919.0,SL,False,1
BYAN,2026-04-10,2026-04-14,12025.0,12386.0,2.5,322919.0,TP,True,2
RICY,2026-04-13,2026-04-14,86.0,89.0,2.5,320228.0,TP,True,1
NCKL,2026-04-13,2026-04-14,1100.0,1133.0,2.5,320228.0,TP,True,1
PPRE,2026-04-13,2026-04-14,101.0,104.0,2.5,320228.0,TP,True,1
